type,name,module,path,hash
"csv","agent-manifest","_config","_config/agent-manifest.csv","e84ff74691fe4bc8f0e3a0f5d59238c3c369800a12d0d790bba9564768d3ff64"
"yaml","manifest","_config","_config/manifest.yaml","1b4a61ce50eab1dd8270884d56db11a3f6b0326ced4a7646f96f59d8ea18740c"
"yaml","config","bmm","bmm/config.yaml","1ec3c17824573b239117e726e877c2e15d98ca01af0939d290decb1efe21c670"
"csv","brain-methods","core","core/bmad-brainstorming/brain-methods.csv","0ab5878b1dbc9e3fa98cb72abfc3920a586b9e2b42609211bb0516eefd542039"
"csv","methods","core","core/bmad-advanced-elicitation/methods.csv","e08b2e22fec700274982e37be608d6c3d1d4d0c04fa0bae05aa9dba2454e6141"
"csv","module-help","core","core/module-help.csv","3a16823dcffc0c08f30097f2eb2244e81d5f3debecd323cd484131245389203c"
"md","compression-rules","core","core/bmad-distillator/resources/compression-rules.md","86e53d6a2072b379864766681d1cc4e1aad3d4428ecca8c46010f7364da32724"
"md","distillate-compressor","core","core/bmad-distillator/agents/distillate-compressor.md","c00da33b39a43207a224c4043d1aa4158e90e41ab421fff0ea7cc55beec81ef8"
"md","distillate-format-reference","core","core/bmad-distillator/resources/distillate-format-reference.md","5c23eed087d950b68d307f5cbf001dac8f73e822f307f3a4ef5f4cb57ddeda99"
"md","round-trip-reconstructor","core","core/bmad-distillator/agents/round-trip-reconstructor.md","47c83f4a37249ddac38460d8c95d162f6fc175a8919888e8090aed71bd9383bc"
"md","SKILL","core","core/bmad-advanced-elicitation/SKILL.md","1a7396d28ba7524588d44e5eac9b6a41372a0bf8d9e1c4c469728493abd5e12f"
"md","SKILL","core","core/bmad-brainstorming/SKILL.md","f4a2c22b40ed34cdbd3282dd6161a3b869902f3bc75b58e181fc9faf78eedd9d"
"md","SKILL","core","core/bmad-distillator/SKILL.md","756ee0706ff6b8a3d5726b465e81ba244e4eaeba21b7de0d2390473acebb5ddc"
"md","SKILL","core","core/bmad-editorial-review-prose/SKILL.md","b3687fe80567378627bc2a0c5034ae8d65dfeedcf2b6c90da077f4feca462d0c"
"md","SKILL","core","core/bmad-editorial-review-structure/SKILL.md","164444359d74f695a84faf7ea558d0eef39c75561e6b26669f97a165c6f75538"
"md","SKILL","core","core/bmad-help/SKILL.md","cd7096b2ff55b2b87e12d6b9c4c9ea13dfca78c49299a09327c97107f9531da8"
"md","SKILL","core","core/bmad-index-docs/SKILL.md","a855d7060414e73ca4fe8e1a3e1cc4d0f2ce394846e52340bdf5a1317e0d234a"
"md","SKILL","core","core/bmad-party-mode/SKILL.md","0e24fb777af648d3f093b6f8932a4b91a9fe1b459439b661fcb7879ac50e2ac0"
"md","SKILL","core","core/bmad-review-adversarial-general/SKILL.md","7bffc39e6dba4d9123648c5d4d79e17c3c5b1efbd927c3fe0026c2dbb8d99cff"
"md","SKILL","core","core/bmad-review-edge-case-hunter/SKILL.md","f49ed9976f46b4cefa1fc8b4f0a495f16089905e6a7bbf4ce73b8f05c9ae3ee6"
"md","SKILL","core","core/bmad-shard-doc/SKILL.md","3a1538536514725fd4f31aded280ee56b9645fc61d114fd94aacb3ac52304e52"
"md","splitting-strategy","core","core/bmad-distillator/resources/splitting-strategy.md","26d3ed05f912cf99ff9ebe2353f2d84d70e3e852e23a32b1215c13416ad708b5"
"md","step-01-session-setup","core","core/bmad-brainstorming/steps/step-01-session-setup.md","7fd2aed9527ccdf35fc86bd4c9b27b4a530b5cfdfb90ae2b7385d3185bcd60bc"
"md","step-01b-continue","core","core/bmad-brainstorming/steps/step-01b-continue.md","49f8d78290291f974432bc8e8fce340de58ed62aa946e9e3182858bf63829920"
"md","step-02a-user-selected","core","core/bmad-brainstorming/steps/step-02a-user-selected.md","7ff3bca27286d17902ecea890494599796633e24a25ea6b31bbd6c3d2e54eba2"
"md","step-02b-ai-recommended","core","core/bmad-brainstorming/steps/step-02b-ai-recommended.md","cb77b810e0c98e080b4378999f0e250bacba4fb74c1bcb0a144cffe9989d2cbd"
"md","step-02c-random-selection","core","core/bmad-brainstorming/steps/step-02c-random-selection.md","91c6e16213911a231a41b1a55be7c939e7bbcd1463bd49cb03b5b669a90c0868"
"md","step-02d-progressive-flow","core","core/bmad-brainstorming/steps/step-02d-progressive-flow.md","6b6fbbd34bcf334d79f09e8c36ed3c9d55ddd3ebb8f8f77aa892643d1a4e3436"
"md","step-03-technique-execution","core","core/bmad-brainstorming/steps/step-03-technique-execution.md","b97afefd4ccc5234e554a3dfc5555337269ce171e730b250c756718235e9df60"
"md","step-04-idea-organization","core","core/bmad-brainstorming/steps/step-04-idea-organization.md","acb7eb6a54161213bb916cabf7d0d5084316704e792a880968fc340855cdcbbb"
"md","template","core","core/bmad-brainstorming/template.md","5c99d76963eb5fc21db96c5a68f39711dca7c6ed30e4f7d22aedee9e8bb964f9"
"md","workflow","core","core/bmad-brainstorming/workflow.md","74c87846a5cda7a4534ea592ea3125a8d8a1a88d19c94f5f4481fb28d0d16bf2"
"py","analyze_sources","core","core/bmad-distillator/scripts/analyze_sources.py","31e2a8441c3c43c2536739c580cdef6abecb18ff20e7447f42dd868875783166"
"py","test_analyze_sources","core","core/bmad-distillator/scripts/tests/test_analyze_sources.py","d90525311f8010aaf8d7d9212a370468a697866190bae78c35d0aae9b7f23fdf"
"yaml","config","core","core/config.yaml","d46cdad84b8c1d3aa88504761b252378cfc7de2f429e2459a83886b5af559106"
"csv","module-help","tea","tea/module-help.csv","00c8ffacbd119612346b46102c485948701005642b31fa00a7dd7634fd7d6bb0"
"csv","tea-index","tea","tea/bmad-tea/resources/tea-index.csv","4a77d1b3bee725013c3628d478121e1a4c5ddfd0203b30597bfcfb614a7a5519"
"csv","tea-index","tea","tea/bmad-testarch-atdd/resources/tea-index.csv","4a77d1b3bee725013c3628d478121e1a4c5ddfd0203b30597bfcfb614a7a5519"
"csv","tea-index","tea","tea/bmad-testarch-automate/resources/tea-index.csv","4a77d1b3bee725013c3628d478121e1a4c5ddfd0203b30597bfcfb614a7a5519"
"csv","tea-index","tea","tea/bmad-testarch-ci/resources/tea-index.csv","4a77d1b3bee725013c3628d478121e1a4c5ddfd0203b30597bfcfb614a7a5519"
"csv","tea-index","tea","tea/bmad-testarch-framework/resources/tea-index.csv","4a77d1b3bee725013c3628d478121e1a4c5ddfd0203b30597bfcfb614a7a5519"
"csv","tea-index","tea","tea/bmad-testarch-nfr/resources/tea-index.csv","4a77d1b3bee725013c3628d478121e1a4c5ddfd0203b30597bfcfb614a7a5519"
"csv","tea-index","tea","tea/bmad-testarch-test-design/resources/tea-index.csv","4a77d1b3bee725013c3628d478121e1a4c5ddfd0203b30597bfcfb614a7a5519"
"csv","tea-index","tea","tea/bmad-testarch-test-review/resources/tea-index.csv","4a77d1b3bee725013c3628d478121e1a4c5ddfd0203b30597bfcfb614a7a5519"
"csv","tea-index","tea","tea/bmad-testarch-trace/resources/tea-index.csv","4a77d1b3bee725013c3628d478121e1a4c5ddfd0203b30597bfcfb614a7a5519"
"groovy","jenkins-pipeline-template","tea","tea/bmad-testarch-ci/jenkins-pipeline-template.groovy","f2b75c5ba3eda7537044909830ca674d794eaa929bcd032fcc2c523709b9bb77"
"md","adr-quality-readiness-checklist","tea","tea/bmad-tea/resources/knowledge/adr-quality-readiness-checklist.md","a8129b16c3b2afbc1f58fe5edc73dc8f1291c172c6ca009d92f1947bef1a237e"
"md","adr-quality-readiness-checklist","tea","tea/bmad-testarch-atdd/resources/knowledge/adr-quality-readiness-checklist.md","a8129b16c3b2afbc1f58fe5edc73dc8f1291c172c6ca009d92f1947bef1a237e"
"md","adr-quality-readiness-checklist","tea","tea/bmad-testarch-automate/resources/knowledge/adr-quality-readiness-checklist.md","a8129b16c3b2afbc1f58fe5edc73dc8f1291c172c6ca009d92f1947bef1a237e"
"md","adr-quality-readiness-checklist","tea","tea/bmad-testarch-ci/resources/knowledge/adr-quality-readiness-checklist.md","a8129b16c3b2afbc1f58fe5edc73dc8f1291c172c6ca009d92f1947bef1a237e"
"md","adr-quality-readiness-checklist","tea","tea/bmad-testarch-framework/resources/knowledge/adr-quality-readiness-checklist.md","a8129b16c3b2afbc1f58fe5edc73dc8f1291c172c6ca009d92f1947bef1a237e"
"md","adr-quality-readiness-checklist","tea","tea/bmad-testarch-nfr/resources/knowledge/adr-quality-readiness-checklist.md","a8129b16c3b2afbc1f58fe5edc73dc8f1291c172c6ca009d92f1947bef1a237e"
"md","adr-quality-readiness-checklist","tea","tea/bmad-testarch-test-design/resources/knowledge/adr-quality-readiness-checklist.md","a8129b16c3b2afbc1f58fe5edc73dc8f1291c172c6ca009d92f1947bef1a237e"
"md","adr-quality-readiness-checklist","tea","tea/bmad-testarch-test-review/resources/knowledge/adr-quality-readiness-checklist.md","a8129b16c3b2afbc1f58fe5edc73dc8f1291c172c6ca009d92f1947bef1a237e"
"md","adr-quality-readiness-checklist","tea","tea/bmad-testarch-trace/resources/knowledge/adr-quality-readiness-checklist.md","a8129b16c3b2afbc1f58fe5edc73dc8f1291c172c6ca009d92f1947bef1a237e"
"md","api-request","tea","tea/bmad-tea/resources/knowledge/api-request.md","d14f6e26151c48424d60cde5db81c0ffc8ec72eaf3357f27b4e137f222a4c4e3"
"md","api-request","tea","tea/bmad-testarch-atdd/resources/knowledge/api-request.md","d14f6e26151c48424d60cde5db81c0ffc8ec72eaf3357f27b4e137f222a4c4e3"
"md","api-request","tea","tea/bmad-testarch-automate/resources/knowledge/api-request.md","d14f6e26151c48424d60cde5db81c0ffc8ec72eaf3357f27b4e137f222a4c4e3"
"md","api-request","tea","tea/bmad-testarch-ci/resources/knowledge/api-request.md","d14f6e26151c48424d60cde5db81c0ffc8ec72eaf3357f27b4e137f222a4c4e3"
"md","api-request","tea","tea/bmad-testarch-framework/resources/knowledge/api-request.md","d14f6e26151c48424d60cde5db81c0ffc8ec72eaf3357f27b4e137f222a4c4e3"
"md","api-request","tea","tea/bmad-testarch-nfr/resources/knowledge/api-request.md","d14f6e26151c48424d60cde5db81c0ffc8ec72eaf3357f27b4e137f222a4c4e3"
"md","api-request","tea","tea/bmad-testarch-test-design/resources/knowledge/api-request.md","d14f6e26151c48424d60cde5db81c0ffc8ec72eaf3357f27b4e137f222a4c4e3"
"md","api-request","tea","tea/bmad-testarch-test-review/resources/knowledge/api-request.md","d14f6e26151c48424d60cde5db81c0ffc8ec72eaf3357f27b4e137f222a4c4e3"
"md","api-request","tea","tea/bmad-testarch-trace/resources/knowledge/api-request.md","d14f6e26151c48424d60cde5db81c0ffc8ec72eaf3357f27b4e137f222a4c4e3"
"md","api-testing-patterns","tea","tea/bmad-tea/resources/knowledge/api-testing-patterns.md","4b1b7069737d4916853f1393d1cd804ce7061454ad250fb919046a78b77c2648"
"md","api-testing-patterns","tea","tea/bmad-testarch-atdd/resources/knowledge/api-testing-patterns.md","4b1b7069737d4916853f1393d1cd804ce7061454ad250fb919046a78b77c2648"
"md","api-testing-patterns","tea","tea/bmad-testarch-automate/resources/knowledge/api-testing-patterns.md","4b1b7069737d4916853f1393d1cd804ce7061454ad250fb919046a78b77c2648"
"md","api-testing-patterns","tea","tea/bmad-testarch-ci/resources/knowledge/api-testing-patterns.md","4b1b7069737d4916853f1393d1cd804ce7061454ad250fb919046a78b77c2648"
"md","api-testing-patterns","tea","tea/bmad-testarch-framework/resources/knowledge/api-testing-patterns.md","4b1b7069737d4916853f1393d1cd804ce7061454ad250fb919046a78b77c2648"
"md","api-testing-patterns","tea","tea/bmad-testarch-nfr/resources/knowledge/api-testing-patterns.md","4b1b7069737d4916853f1393d1cd804ce7061454ad250fb919046a78b77c2648"
"md","api-testing-patterns","tea","tea/bmad-testarch-test-design/resources/knowledge/api-testing-patterns.md","4b1b7069737d4916853f1393d1cd804ce7061454ad250fb919046a78b77c2648"
"md","api-testing-patterns","tea","tea/bmad-testarch-test-review/resources/knowledge/api-testing-patterns.md","4b1b7069737d4916853f1393d1cd804ce7061454ad250fb919046a78b77c2648"
"md","api-testing-patterns","tea","tea/bmad-testarch-trace/resources/knowledge/api-testing-patterns.md","4b1b7069737d4916853f1393d1cd804ce7061454ad250fb919046a78b77c2648"
"md","atdd-checklist-template","tea","tea/bmad-testarch-atdd/atdd-checklist-template.md","17f9ac5654ce8e0eb81096454ab9376e34b0ea560e581bdc2d21bbde38c778c8"
"md","auth-session","tea","tea/bmad-tea/resources/knowledge/auth-session.md","2b3de2a9468caf85f0e47ba9d79b142f424b6c10e3a342c264f1cf73d2f70ddc"
"md","auth-session","tea","tea/bmad-testarch-atdd/resources/knowledge/auth-session.md","2b3de2a9468caf85f0e47ba9d79b142f424b6c10e3a342c264f1cf73d2f70ddc"
"md","auth-session","tea","tea/bmad-testarch-automate/resources/knowledge/auth-session.md","2b3de2a9468caf85f0e47ba9d79b142f424b6c10e3a342c264f1cf73d2f70ddc"
"md","auth-session","tea","tea/bmad-testarch-ci/resources/knowledge/auth-session.md","2b3de2a9468caf85f0e47ba9d79b142f424b6c10e3a342c264f1cf73d2f70ddc"
"md","auth-session","tea","tea/bmad-testarch-framework/resources/knowledge/auth-session.md","2b3de2a9468caf85f0e47ba9d79b142f424b6c10e3a342c264f1cf73d2f70ddc"
"md","auth-session","tea","tea/bmad-testarch-nfr/resources/knowledge/auth-session.md","2b3de2a9468caf85f0e47ba9d79b142f424b6c10e3a342c264f1cf73d2f70ddc"
"md","auth-session","tea","tea/bmad-testarch-test-design/resources/knowledge/auth-session.md","2b3de2a9468caf85f0e47ba9d79b142f424b6c10e3a342c264f1cf73d2f70ddc"
"md","auth-session","tea","tea/bmad-testarch-test-review/resources/knowledge/auth-session.md","2b3de2a9468caf85f0e47ba9d79b142f424b6c10e3a342c264f1cf73d2f70ddc"
"md","auth-session","tea","tea/bmad-testarch-trace/resources/knowledge/auth-session.md","2b3de2a9468caf85f0e47ba9d79b142f424b6c10e3a342c264f1cf73d2f70ddc"
"md","burn-in","tea","tea/bmad-tea/resources/knowledge/burn-in.md","5ba3d2abe6b961e5bc3948ab165e801195bff3ee6e66569c00c219b484aa4b5d"
"md","burn-in","tea","tea/bmad-testarch-atdd/resources/knowledge/burn-in.md","5ba3d2abe6b961e5bc3948ab165e801195bff3ee6e66569c00c219b484aa4b5d"
"md","burn-in","tea","tea/bmad-testarch-automate/resources/knowledge/burn-in.md","5ba3d2abe6b961e5bc3948ab165e801195bff3ee6e66569c00c219b484aa4b5d"
"md","burn-in","tea","tea/bmad-testarch-ci/resources/knowledge/burn-in.md","5ba3d2abe6b961e5bc3948ab165e801195bff3ee6e66569c00c219b484aa4b5d"
"md","burn-in","tea","tea/bmad-testarch-framework/resources/knowledge/burn-in.md","5ba3d2abe6b961e5bc3948ab165e801195bff3ee6e66569c00c219b484aa4b5d"
"md","burn-in","tea","tea/bmad-testarch-nfr/resources/knowledge/burn-in.md","5ba3d2abe6b961e5bc3948ab165e801195bff3ee6e66569c00c219b484aa4b5d"
"md","burn-in","tea","tea/bmad-testarch-test-design/resources/knowledge/burn-in.md","5ba3d2abe6b961e5bc3948ab165e801195bff3ee6e66569c00c219b484aa4b5d"
"md","burn-in","tea","tea/bmad-testarch-test-review/resources/knowledge/burn-in.md","5ba3d2abe6b961e5bc3948ab165e801195bff3ee6e66569c00c219b484aa4b5d"
"md","burn-in","tea","tea/bmad-testarch-trace/resources/knowledge/burn-in.md","5ba3d2abe6b961e5bc3948ab165e801195bff3ee6e66569c00c219b484aa4b5d"
"md","certificate-template","tea","tea/bmad-teach-me-testing/templates/certificate-template.md","7aee34aa98f0ef8fc649f55203aa5fa087e9743c5050638f28c81d1eb6c90051"
"md","checklist","tea","tea/bmad-testarch-atdd/checklist.md","4af3b837cc5ce6a9f8177e153c61929060e08686607c375e4527c7cc993b2c70"
"md","checklist","tea","tea/bmad-testarch-automate/checklist.md","cd132e3d4cf6e8164d0483e3f4abaa47e3ae81684d15673868a09de8d66fe94f"
"md","checklist","tea","tea/bmad-testarch-ci/checklist.md","a8b45cb926b53b6e16419db396c6f4c21aafb9a4022698971bcbd8622e805037"
"md","checklist","tea","tea/bmad-testarch-framework/checklist.md","d882289c2e7217fea3fba03c6824a52a5c3a850094345ae8bdcec7c1088a661f"
"md","checklist","tea","tea/bmad-testarch-nfr/checklist.md","7c940c238a25a53a6732ce2b5c74ae1e3fef020f61d032e03477024701462b5d"
"md","checklist","tea","tea/bmad-testarch-test-design/checklist.md","03f0058ceaa2bc2b8081b39db2c79293afb2a9e24cbce475770f2dbc0b97436d"
"md","checklist","tea","tea/bmad-testarch-test-review/checklist.md","b88bf4806473ef22cd7141ba6bde9911bee109e5fd49b27896213c3bb46a2760"
"md","checklist","tea","tea/bmad-testarch-trace/checklist.md","0fed29772d3b5c32bd447ae3631b91d5a8eaef4bf265337a061415545defe1c6"
"md","checklist","tea","tea/bmad-teach-me-testing/checklist.md","7618c4e348725b16ac0d5702222159f3b4fa98a6d4cc4a0edbf987be8f52c1e0"
"md","ci-burn-in","tea","tea/bmad-tea/resources/knowledge/ci-burn-in.md","cc9ca53c62b910872e399ec1d378542e211e70563ddbce9aba84af253e0c74ac"
"md","ci-burn-in","tea","tea/bmad-testarch-atdd/resources/knowledge/ci-burn-in.md","cc9ca53c62b910872e399ec1d378542e211e70563ddbce9aba84af253e0c74ac"
"md","ci-burn-in","tea","tea/bmad-testarch-automate/resources/knowledge/ci-burn-in.md","cc9ca53c62b910872e399ec1d378542e211e70563ddbce9aba84af253e0c74ac"
"md","ci-burn-in","tea","tea/bmad-testarch-ci/resources/knowledge/ci-burn-in.md","cc9ca53c62b910872e399ec1d378542e211e70563ddbce9aba84af253e0c74ac"
"md","ci-burn-in","tea","tea/bmad-testarch-framework/resources/knowledge/ci-burn-in.md","cc9ca53c62b910872e399ec1d378542e211e70563ddbce9aba84af253e0c74ac"
"md","ci-burn-in","tea","tea/bmad-testarch-nfr/resources/knowledge/ci-burn-in.md","cc9ca53c62b910872e399ec1d378542e211e70563ddbce9aba84af253e0c74ac"
"md","ci-burn-in","tea","tea/bmad-testarch-test-design/resources/knowledge/ci-burn-in.md","cc9ca53c62b910872e399ec1d378542e211e70563ddbce9aba84af253e0c74ac"
"md","ci-burn-in","tea","tea/bmad-testarch-test-review/resources/knowledge/ci-burn-in.md","cc9ca53c62b910872e399ec1d378542e211e70563ddbce9aba84af253e0c74ac"
"md","ci-burn-in","tea","tea/bmad-testarch-trace/resources/knowledge/ci-burn-in.md","cc9ca53c62b910872e399ec1d378542e211e70563ddbce9aba84af253e0c74ac"
"md","component-tdd","tea","tea/bmad-tea/resources/knowledge/component-tdd.md","88bd1f9ca1d5bcd1552828845fe80b86ff3acdf071bac574eda744caf7120ef8"
"md","component-tdd","tea","tea/bmad-testarch-atdd/resources/knowledge/component-tdd.md","88bd1f9ca1d5bcd1552828845fe80b86ff3acdf071bac574eda744caf7120ef8"
"md","component-tdd","tea","tea/bmad-testarch-automate/resources/knowledge/component-tdd.md","88bd1f9ca1d5bcd1552828845fe80b86ff3acdf071bac574eda744caf7120ef8"
"md","component-tdd","tea","tea/bmad-testarch-ci/resources/knowledge/component-tdd.md","88bd1f9ca1d5bcd1552828845fe80b86ff3acdf071bac574eda744caf7120ef8"
"md","component-tdd","tea","tea/bmad-testarch-framework/resources/knowledge/component-tdd.md","88bd1f9ca1d5bcd1552828845fe80b86ff3acdf071bac574eda744caf7120ef8"
"md","component-tdd","tea","tea/bmad-testarch-nfr/resources/knowledge/component-tdd.md","88bd1f9ca1d5bcd1552828845fe80b86ff3acdf071bac574eda744caf7120ef8"
"md","component-tdd","tea","tea/bmad-testarch-test-design/resources/knowledge/component-tdd.md","88bd1f9ca1d5bcd1552828845fe80b86ff3acdf071bac574eda744caf7120ef8"
"md","component-tdd","tea","tea/bmad-testarch-test-review/resources/knowledge/component-tdd.md","88bd1f9ca1d5bcd1552828845fe80b86ff3acdf071bac574eda744caf7120ef8"
"md","component-tdd","tea","tea/bmad-testarch-trace/resources/knowledge/component-tdd.md","88bd1f9ca1d5bcd1552828845fe80b86ff3acdf071bac574eda744caf7120ef8"
"md","contract-testing","tea","tea/bmad-tea/resources/knowledge/contract-testing.md","67c706135f3fd8fde5d112acbff37dc75a5ef847729752bc92bd735d6d85f393"
"md","contract-testing","tea","tea/bmad-testarch-atdd/resources/knowledge/contract-testing.md","67c706135f3fd8fde5d112acbff37dc75a5ef847729752bc92bd735d6d85f393"
"md","contract-testing","tea","tea/bmad-testarch-automate/resources/knowledge/contract-testing.md","67c706135f3fd8fde5d112acbff37dc75a5ef847729752bc92bd735d6d85f393"
"md","contract-testing","tea","tea/bmad-testarch-ci/resources/knowledge/contract-testing.md","67c706135f3fd8fde5d112acbff37dc75a5ef847729752bc92bd735d6d85f393"
"md","contract-testing","tea","tea/bmad-testarch-framework/resources/knowledge/contract-testing.md","67c706135f3fd8fde5d112acbff37dc75a5ef847729752bc92bd735d6d85f393"
"md","contract-testing","tea","tea/bmad-testarch-nfr/resources/knowledge/contract-testing.md","67c706135f3fd8fde5d112acbff37dc75a5ef847729752bc92bd735d6d85f393"
"md","contract-testing","tea","tea/bmad-testarch-test-design/resources/knowledge/contract-testing.md","67c706135f3fd8fde5d112acbff37dc75a5ef847729752bc92bd735d6d85f393"
"md","contract-testing","tea","tea/bmad-testarch-test-review/resources/knowledge/contract-testing.md","67c706135f3fd8fde5d112acbff37dc75a5ef847729752bc92bd735d6d85f393"
"md","contract-testing","tea","tea/bmad-testarch-trace/resources/knowledge/contract-testing.md","67c706135f3fd8fde5d112acbff37dc75a5ef847729752bc92bd735d6d85f393"
"md","data-factories","tea","tea/bmad-tea/resources/knowledge/data-factories.md","d7428fe7675da02b6f5c4c03213fc5e542063f61ab033efb47c1c5669b835d88"
"md","data-factories","tea","tea/bmad-testarch-atdd/resources/knowledge/data-factories.md","d7428fe7675da02b6f5c4c03213fc5e542063f61ab033efb47c1c5669b835d88"
"md","data-factories","tea","tea/bmad-testarch-automate/resources/knowledge/data-factories.md","d7428fe7675da02b6f5c4c03213fc5e542063f61ab033efb47c1c5669b835d88"
"md","data-factories","tea","tea/bmad-testarch-ci/resources/knowledge/data-factories.md","d7428fe7675da02b6f5c4c03213fc5e542063f61ab033efb47c1c5669b835d88"
"md","data-factories","tea","tea/bmad-testarch-framework/resources/knowledge/data-factories.md","d7428fe7675da02b6f5c4c03213fc5e542063f61ab033efb47c1c5669b835d88"
"md","data-factories","tea","tea/bmad-testarch-nfr/resources/knowledge/data-factories.md","d7428fe7675da02b6f5c4c03213fc5e542063f61ab033efb47c1c5669b835d88"
"md","data-factories","tea","tea/bmad-testarch-test-design/resources/knowledge/data-factories.md","d7428fe7675da02b6f5c4c03213fc5e542063f61ab033efb47c1c5669b835d88"
"md","data-factories","tea","tea/bmad-testarch-test-review/resources/knowledge/data-factories.md","d7428fe7675da02b6f5c4c03213fc5e542063f61ab033efb47c1c5669b835d88"
"md","data-factories","tea","tea/bmad-testarch-trace/resources/knowledge/data-factories.md","d7428fe7675da02b6f5c4c03213fc5e542063f61ab033efb47c1c5669b835d88"
"md","email-auth","tea","tea/bmad-tea/resources/knowledge/email-auth.md","43f4cc3138a905a91f4a69f358be6664a790b192811b4dfc238188e826f6b41b"
"md","email-auth","tea","tea/bmad-testarch-atdd/resources/knowledge/email-auth.md","43f4cc3138a905a91f4a69f358be6664a790b192811b4dfc238188e826f6b41b"
"md","email-auth","tea","tea/bmad-testarch-automate/resources/knowledge/email-auth.md","43f4cc3138a905a91f4a69f358be6664a790b192811b4dfc238188e826f6b41b"
"md","email-auth","tea","tea/bmad-testarch-ci/resources/knowledge/email-auth.md","43f4cc3138a905a91f4a69f358be6664a790b192811b4dfc238188e826f6b41b"
"md","email-auth","tea","tea/bmad-testarch-framework/resources/knowledge/email-auth.md","43f4cc3138a905a91f4a69f358be6664a790b192811b4dfc238188e826f6b41b"
"md","email-auth","tea","tea/bmad-testarch-nfr/resources/knowledge/email-auth.md","43f4cc3138a905a91f4a69f358be6664a790b192811b4dfc238188e826f6b41b"
"md","email-auth","tea","tea/bmad-testarch-test-design/resources/knowledge/email-auth.md","43f4cc3138a905a91f4a69f358be6664a790b192811b4dfc238188e826f6b41b"
"md","email-auth","tea","tea/bmad-testarch-test-review/resources/knowledge/email-auth.md","43f4cc3138a905a91f4a69f358be6664a790b192811b4dfc238188e826f6b41b"
"md","email-auth","tea","tea/bmad-testarch-trace/resources/knowledge/email-auth.md","43f4cc3138a905a91f4a69f358be6664a790b192811b4dfc238188e826f6b41b"
"md","error-handling","tea","tea/bmad-tea/resources/knowledge/error-handling.md","38975ebe2655b4d85035d8e740aef63fdef63dc31f9acf530142788060f62153"
"md","error-handling","tea","tea/bmad-testarch-atdd/resources/knowledge/error-handling.md","38975ebe2655b4d85035d8e740aef63fdef63dc31f9acf530142788060f62153"
"md","error-handling","tea","tea/bmad-testarch-automate/resources/knowledge/error-handling.md","38975ebe2655b4d85035d8e740aef63fdef63dc31f9acf530142788060f62153"
"md","error-handling","tea","tea/bmad-testarch-ci/resources/knowledge/error-handling.md","38975ebe2655b4d85035d8e740aef63fdef63dc31f9acf530142788060f62153"
"md","error-handling","tea","tea/bmad-testarch-framework/resources/knowledge/error-handling.md","38975ebe2655b4d85035d8e740aef63fdef63dc31f9acf530142788060f62153"
"md","error-handling","tea","tea/bmad-testarch-nfr/resources/knowledge/error-handling.md","38975ebe2655b4d85035d8e740aef63fdef63dc31f9acf530142788060f62153"
"md","error-handling","tea","tea/bmad-testarch-test-design/resources/knowledge/error-handling.md","38975ebe2655b4d85035d8e740aef63fdef63dc31f9acf530142788060f62153"
"md","error-handling","tea","tea/bmad-testarch-test-review/resources/knowledge/error-handling.md","38975ebe2655b4d85035d8e740aef63fdef63dc31f9acf530142788060f62153"
"md","error-handling","tea","tea/bmad-testarch-trace/resources/knowledge/error-handling.md","38975ebe2655b4d85035d8e740aef63fdef63dc31f9acf530142788060f62153"
"md","feature-flags","tea","tea/bmad-tea/resources/knowledge/feature-flags.md","5b3cf037169719e69d468ff2ecfc94711bc41fd3e330c6f81a404163bb09fdba"
"md","feature-flags","tea","tea/bmad-testarch-atdd/resources/knowledge/feature-flags.md","5b3cf037169719e69d468ff2ecfc94711bc41fd3e330c6f81a404163bb09fdba"
"md","feature-flags","tea","tea/bmad-testarch-automate/resources/knowledge/feature-flags.md","5b3cf037169719e69d468ff2ecfc94711bc41fd3e330c6f81a404163bb09fdba"
"md","feature-flags","tea","tea/bmad-testarch-ci/resources/knowledge/feature-flags.md","5b3cf037169719e69d468ff2ecfc94711bc41fd3e330c6f81a404163bb09fdba"
"md","feature-flags","tea","tea/bmad-testarch-framework/resources/knowledge/feature-flags.md","5b3cf037169719e69d468ff2ecfc94711bc41fd3e330c6f81a404163bb09fdba"
"md","feature-flags","tea","tea/bmad-testarch-nfr/resources/knowledge/feature-flags.md","5b3cf037169719e69d468ff2ecfc94711bc41fd3e330c6f81a404163bb09fdba"
"md","feature-flags","tea","tea/bmad-testarch-test-design/resources/knowledge/feature-flags.md","5b3cf037169719e69d468ff2ecfc94711bc41fd3e330c6f81a404163bb09fdba"
"md","feature-flags","tea","tea/bmad-testarch-test-review/resources/knowledge/feature-flags.md","5b3cf037169719e69d468ff2ecfc94711bc41fd3e330c6f81a404163bb09fdba"
"md","feature-flags","tea","tea/bmad-testarch-trace/resources/knowledge/feature-flags.md","5b3cf037169719e69d468ff2ecfc94711bc41fd3e330c6f81a404163bb09fdba"
"md","file-utils","tea","tea/bmad-tea/resources/knowledge/file-utils.md","7d1092930118fb160b9c0a4a48c398d9b08bb909d1e2432662d8e81e1e3b0087"
"md","file-utils","tea","tea/bmad-testarch-atdd/resources/knowledge/file-utils.md","7d1092930118fb160b9c0a4a48c398d9b08bb909d1e2432662d8e81e1e3b0087"
"md","file-utils","tea","tea/bmad-testarch-automate/resources/knowledge/file-utils.md","7d1092930118fb160b9c0a4a48c398d9b08bb909d1e2432662d8e81e1e3b0087"
"md","file-utils","tea","tea/bmad-testarch-ci/resources/knowledge/file-utils.md","7d1092930118fb160b9c0a4a48c398d9b08bb909d1e2432662d8e81e1e3b0087"
"md","file-utils","tea","tea/bmad-testarch-framework/resources/knowledge/file-utils.md","7d1092930118fb160b9c0a4a48c398d9b08bb909d1e2432662d8e81e1e3b0087"
"md","file-utils","tea","tea/bmad-testarch-nfr/resources/knowledge/file-utils.md","7d1092930118fb160b9c0a4a48c398d9b08bb909d1e2432662d8e81e1e3b0087"
"md","file-utils","tea","tea/bmad-testarch-test-design/resources/knowledge/file-utils.md","7d1092930118fb160b9c0a4a48c398d9b08bb909d1e2432662d8e81e1e3b0087"
"md","file-utils","tea","tea/bmad-testarch-test-review/resources/knowledge/file-utils.md","7d1092930118fb160b9c0a4a48c398d9b08bb909d1e2432662d8e81e1e3b0087"
"md","file-utils","tea","tea/bmad-testarch-trace/resources/knowledge/file-utils.md","7d1092930118fb160b9c0a4a48c398d9b08bb909d1e2432662d8e81e1e3b0087"
"md","fixture-architecture","tea","tea/bmad-tea/resources/knowledge/fixture-architecture.md","c0c62381e7a0385fe0d8b59861a3756994d3bbc673e4605ded9607d5217c7e55"
"md","fixture-architecture","tea","tea/bmad-testarch-atdd/resources/knowledge/fixture-architecture.md","c0c62381e7a0385fe0d8b59861a3756994d3bbc673e4605ded9607d5217c7e55"
"md","fixture-architecture","tea","tea/bmad-testarch-automate/resources/knowledge/fixture-architecture.md","c0c62381e7a0385fe0d8b59861a3756994d3bbc673e4605ded9607d5217c7e55"
"md","fixture-architecture","tea","tea/bmad-testarch-ci/resources/knowledge/fixture-architecture.md","c0c62381e7a0385fe0d8b59861a3756994d3bbc673e4605ded9607d5217c7e55"
"md","fixture-architecture","tea","tea/bmad-testarch-framework/resources/knowledge/fixture-architecture.md","c0c62381e7a0385fe0d8b59861a3756994d3bbc673e4605ded9607d5217c7e55"
"md","fixture-architecture","tea","tea/bmad-testarch-nfr/resources/knowledge/fixture-architecture.md","c0c62381e7a0385fe0d8b59861a3756994d3bbc673e4605ded9607d5217c7e55"
"md","fixture-architecture","tea","tea/bmad-testarch-test-design/resources/knowledge/fixture-architecture.md","c0c62381e7a0385fe0d8b59861a3756994d3bbc673e4605ded9607d5217c7e55"
"md","fixture-architecture","tea","tea/bmad-testarch-test-review/resources/knowledge/fixture-architecture.md","c0c62381e7a0385fe0d8b59861a3756994d3bbc673e4605ded9607d5217c7e55"
"md","fixture-architecture","tea","tea/bmad-testarch-trace/resources/knowledge/fixture-architecture.md","c0c62381e7a0385fe0d8b59861a3756994d3bbc673e4605ded9607d5217c7e55"
"md","fixtures-composition","tea","tea/bmad-tea/resources/knowledge/fixtures-composition.md","8e57a897663a272fd603026aeec76941543c1e09d129e377846726fd405f3a5a"
"md","fixtures-composition","tea","tea/bmad-testarch-atdd/resources/knowledge/fixtures-composition.md","8e57a897663a272fd603026aeec76941543c1e09d129e377846726fd405f3a5a"
"md","fixtures-composition","tea","tea/bmad-testarch-automate/resources/knowledge/fixtures-composition.md","8e57a897663a272fd603026aeec76941543c1e09d129e377846726fd405f3a5a"
"md","fixtures-composition","tea","tea/bmad-testarch-ci/resources/knowledge/fixtures-composition.md","8e57a897663a272fd603026aeec76941543c1e09d129e377846726fd405f3a5a"
"md","fixtures-composition","tea","tea/bmad-testarch-framework/resources/knowledge/fixtures-composition.md","8e57a897663a272fd603026aeec76941543c1e09d129e377846726fd405f3a5a"
"md","fixtures-composition","tea","tea/bmad-testarch-nfr/resources/knowledge/fixtures-composition.md","8e57a897663a272fd603026aeec76941543c1e09d129e377846726fd405f3a5a"
"md","fixtures-composition","tea","tea/bmad-testarch-test-design/resources/knowledge/fixtures-composition.md","8e57a897663a272fd603026aeec76941543c1e09d129e377846726fd405f3a5a"
"md","fixtures-composition","tea","tea/bmad-testarch-test-review/resources/knowledge/fixtures-composition.md","8e57a897663a272fd603026aeec76941543c1e09d129e377846726fd405f3a5a"
"md","fixtures-composition","tea","tea/bmad-testarch-trace/resources/knowledge/fixtures-composition.md","8e57a897663a272fd603026aeec76941543c1e09d129e377846726fd405f3a5a"
"md","instructions","tea","tea/bmad-testarch-atdd/instructions.md","3dc03f0177dbb90eab2a06087eac9ab608d2a2b36ef31923ecfaaf4f95c9ad0e"
"md","instructions","tea","tea/bmad-testarch-automate/instructions.md","bd85720cd33d3cea347867ef9546a252b167ff47cff223704aa75d946cd0e99d"
"md","instructions","tea","tea/bmad-testarch-ci/instructions.md","e9e951710d22003839ad7050aa77229bffa7ed7328fba3ba556cecc5a78685b3"
"md","instructions","tea","tea/bmad-testarch-framework/instructions.md","463d240dfe7657f914c7b61e3af3e0c31dea47c36eb750f7db195ee10625a0b9"
"md","instructions","tea","tea/bmad-testarch-nfr/instructions.md","ea2abf088ba7138640ff458041c38bffb80ea04617f56751fc9c7d7c002e9329"
"md","instructions","tea","tea/bmad-testarch-test-design/instructions.md","956c35d8cefb4e7751547b92edb066e727e5d124cc71b328205e66f488063fdc"
"md","instructions","tea","tea/bmad-testarch-test-review/instructions.md","bf7fa4a84baa56a94bd5f0da74c14aba2e2262bd4a419443009293d8a2d47b90"
"md","instructions","tea","tea/bmad-testarch-trace/instructions.md","cdb83252c5ed11cd40907c18ad42277d5a3aa6d6c9ad2cf9953956be7471e08c"
"md","instructions","tea","tea/bmad-teach-me-testing/instructions.md","56951f1a9a051f17f7fbf93891850dfea39bb84263e3a1c5a973bd44f8bf6b8b"
"md","intercept-network-call","tea","tea/bmad-tea/resources/knowledge/intercept-network-call.md","ac8213cc28a9f9c452a6fb419356dd1d66ce495d7f29d188fcb1bb51456ba869"
"md","intercept-network-call","tea","tea/bmad-testarch-atdd/resources/knowledge/intercept-network-call.md","ac8213cc28a9f9c452a6fb419356dd1d66ce495d7f29d188fcb1bb51456ba869"
"md","intercept-network-call","tea","tea/bmad-testarch-automate/resources/knowledge/intercept-network-call.md","ac8213cc28a9f9c452a6fb419356dd1d66ce495d7f29d188fcb1bb51456ba869"
"md","intercept-network-call","tea","tea/bmad-testarch-ci/resources/knowledge/intercept-network-call.md","ac8213cc28a9f9c452a6fb419356dd1d66ce495d7f29d188fcb1bb51456ba869"
"md","intercept-network-call","tea","tea/bmad-testarch-framework/resources/knowledge/intercept-network-call.md","ac8213cc28a9f9c452a6fb419356dd1d66ce495d7f29d188fcb1bb51456ba869"
"md","intercept-network-call","tea","tea/bmad-testarch-nfr/resources/knowledge/intercept-network-call.md","ac8213cc28a9f9c452a6fb419356dd1d66ce495d7f29d188fcb1bb51456ba869"
"md","intercept-network-call","tea","tea/bmad-testarch-test-design/resources/knowledge/intercept-network-call.md","ac8213cc28a9f9c452a6fb419356dd1d66ce495d7f29d188fcb1bb51456ba869"
"md","intercept-network-call","tea","tea/bmad-testarch-test-review/resources/knowledge/intercept-network-call.md","ac8213cc28a9f9c452a6fb419356dd1d66ce495d7f29d188fcb1bb51456ba869"
"md","intercept-network-call","tea","tea/bmad-testarch-trace/resources/knowledge/intercept-network-call.md","ac8213cc28a9f9c452a6fb419356dd1d66ce495d7f29d188fcb1bb51456ba869"
"md","log","tea","tea/bmad-tea/resources/knowledge/log.md","54b09992275e1ab361bf109b342a7d487cbb5bafa4e9cc48b320a1a5eb11857f"
"md","log","tea","tea/bmad-testarch-atdd/resources/knowledge/log.md","54b09992275e1ab361bf109b342a7d487cbb5bafa4e9cc48b320a1a5eb11857f"
"md","log","tea","tea/bmad-testarch-automate/resources/knowledge/log.md","54b09992275e1ab361bf109b342a7d487cbb5bafa4e9cc48b320a1a5eb11857f"
"md","log","tea","tea/bmad-testarch-ci/resources/knowledge/log.md","54b09992275e1ab361bf109b342a7d487cbb5bafa4e9cc48b320a1a5eb11857f"
"md","log","tea","tea/bmad-testarch-framework/resources/knowledge/log.md","54b09992275e1ab361bf109b342a7d487cbb5bafa4e9cc48b320a1a5eb11857f"
"md","log","tea","tea/bmad-testarch-nfr/resources/knowledge/log.md","54b09992275e1ab361bf109b342a7d487cbb5bafa4e9cc48b320a1a5eb11857f"
"md","log","tea","tea/bmad-testarch-test-design/resources/knowledge/log.md","54b09992275e1ab361bf109b342a7d487cbb5bafa4e9cc48b320a1a5eb11857f"
"md","log","tea","tea/bmad-testarch-test-review/resources/knowledge/log.md","54b09992275e1ab361bf109b342a7d487cbb5bafa4e9cc48b320a1a5eb11857f"
"md","log","tea","tea/bmad-testarch-trace/resources/knowledge/log.md","54b09992275e1ab361bf109b342a7d487cbb5bafa4e9cc48b320a1a5eb11857f"
"md","network-error-monitor","tea","tea/bmad-tea/resources/knowledge/network-error-monitor.md","c9041fd4af8162580a12c7adad79fdf7539fae7d6717fe7dace05e851c1b734c"
"md","network-error-monitor","tea","tea/bmad-testarch-atdd/resources/knowledge/network-error-monitor.md","c9041fd4af8162580a12c7adad79fdf7539fae7d6717fe7dace05e851c1b734c"
"md","network-error-monitor","tea","tea/bmad-testarch-automate/resources/knowledge/network-error-monitor.md","c9041fd4af8162580a12c7adad79fdf7539fae7d6717fe7dace05e851c1b734c"
"md","network-error-monitor","tea","tea/bmad-testarch-ci/resources/knowledge/network-error-monitor.md","c9041fd4af8162580a12c7adad79fdf7539fae7d6717fe7dace05e851c1b734c"
"md","network-error-monitor","tea","tea/bmad-testarch-framework/resources/knowledge/network-error-monitor.md","c9041fd4af8162580a12c7adad79fdf7539fae7d6717fe7dace05e851c1b734c"
"md","network-error-monitor","tea","tea/bmad-testarch-nfr/resources/knowledge/network-error-monitor.md","c9041fd4af8162580a12c7adad79fdf7539fae7d6717fe7dace05e851c1b734c"
"md","network-error-monitor","tea","tea/bmad-testarch-test-design/resources/knowledge/network-error-monitor.md","c9041fd4af8162580a12c7adad79fdf7539fae7d6717fe7dace05e851c1b734c"
"md","network-error-monitor","tea","tea/bmad-testarch-test-review/resources/knowledge/network-error-monitor.md","c9041fd4af8162580a12c7adad79fdf7539fae7d6717fe7dace05e851c1b734c"
"md","network-error-monitor","tea","tea/bmad-testarch-trace/resources/knowledge/network-error-monitor.md","c9041fd4af8162580a12c7adad79fdf7539fae7d6717fe7dace05e851c1b734c"
"md","network-first","tea","tea/bmad-tea/resources/knowledge/network-first.md","2920e58e145626f5505bcb75e263dbd0e6ac79a8c4c2ec138f5329e06a6ac014"
"md","network-first","tea","tea/bmad-testarch-atdd/resources/knowledge/network-first.md","2920e58e145626f5505bcb75e263dbd0e6ac79a8c4c2ec138f5329e06a6ac014"
"md","network-first","tea","tea/bmad-testarch-automate/resources/knowledge/network-first.md","2920e58e145626f5505bcb75e263dbd0e6ac79a8c4c2ec138f5329e06a6ac014"
"md","network-first","tea","tea/bmad-testarch-ci/resources/knowledge/network-first.md","2920e58e145626f5505bcb75e263dbd0e6ac79a8c4c2ec138f5329e06a6ac014"
"md","network-first","tea","tea/bmad-testarch-framework/resources/knowledge/network-first.md","2920e58e145626f5505bcb75e263dbd0e6ac79a8c4c2ec138f5329e06a6ac014"
"md","network-first","tea","tea/bmad-testarch-nfr/resources/knowledge/network-first.md","2920e58e145626f5505bcb75e263dbd0e6ac79a8c4c2ec138f5329e06a6ac014"
"md","network-first","tea","tea/bmad-testarch-test-design/resources/knowledge/network-first.md","2920e58e145626f5505bcb75e263dbd0e6ac79a8c4c2ec138f5329e06a6ac014"
"md","network-first","tea","tea/bmad-testarch-test-review/resources/knowledge/network-first.md","2920e58e145626f5505bcb75e263dbd0e6ac79a8c4c2ec138f5329e06a6ac014"
"md","network-first","tea","tea/bmad-testarch-trace/resources/knowledge/network-first.md","2920e58e145626f5505bcb75e263dbd0e6ac79a8c4c2ec138f5329e06a6ac014"
"md","network-recorder","tea","tea/bmad-tea/resources/knowledge/network-recorder.md","6ae5ee35a9f1816dc4bf7c4573f6be931a16567d697ff463867819cc39a3268d"
"md","network-recorder","tea","tea/bmad-testarch-atdd/resources/knowledge/network-recorder.md","6ae5ee35a9f1816dc4bf7c4573f6be931a16567d697ff463867819cc39a3268d"
"md","network-recorder","tea","tea/bmad-testarch-automate/resources/knowledge/network-recorder.md","6ae5ee35a9f1816dc4bf7c4573f6be931a16567d697ff463867819cc39a3268d"
"md","network-recorder","tea","tea/bmad-testarch-ci/resources/knowledge/network-recorder.md","6ae5ee35a9f1816dc4bf7c4573f6be931a16567d697ff463867819cc39a3268d"
"md","network-recorder","tea","tea/bmad-testarch-framework/resources/knowledge/network-recorder.md","6ae5ee35a9f1816dc4bf7c4573f6be931a16567d697ff463867819cc39a3268d"
"md","network-recorder","tea","tea/bmad-testarch-nfr/resources/knowledge/network-recorder.md","6ae5ee35a9f1816dc4bf7c4573f6be931a16567d697ff463867819cc39a3268d"
"md","network-recorder","tea","tea/bmad-testarch-test-design/resources/knowledge/network-recorder.md","6ae5ee35a9f1816dc4bf7c4573f6be931a16567d697ff463867819cc39a3268d"
"md","network-recorder","tea","tea/bmad-testarch-test-review/resources/knowledge/network-recorder.md","6ae5ee35a9f1816dc4bf7c4573f6be931a16567d697ff463867819cc39a3268d"
"md","network-recorder","tea","tea/bmad-testarch-trace/resources/knowledge/network-recorder.md","6ae5ee35a9f1816dc4bf7c4573f6be931a16567d697ff463867819cc39a3268d"
"md","nfr-criteria","tea","tea/bmad-tea/resources/knowledge/nfr-criteria.md","e63cee4a0193e4858c8f70ff33a497a1b97d13a69da66f60ed5c9a9853025aa1"
"md","nfr-criteria","tea","tea/bmad-testarch-atdd/resources/knowledge/nfr-criteria.md","e63cee4a0193e4858c8f70ff33a497a1b97d13a69da66f60ed5c9a9853025aa1"
"md","nfr-criteria","tea","tea/bmad-testarch-automate/resources/knowledge/nfr-criteria.md","e63cee4a0193e4858c8f70ff33a497a1b97d13a69da66f60ed5c9a9853025aa1"
"md","nfr-criteria","tea","tea/bmad-testarch-ci/resources/knowledge/nfr-criteria.md","e63cee4a0193e4858c8f70ff33a497a1b97d13a69da66f60ed5c9a9853025aa1"
"md","nfr-criteria","tea","tea/bmad-testarch-framework/resources/knowledge/nfr-criteria.md","e63cee4a0193e4858c8f70ff33a497a1b97d13a69da66f60ed5c9a9853025aa1"
"md","nfr-criteria","tea","tea/bmad-testarch-nfr/resources/knowledge/nfr-criteria.md","e63cee4a0193e4858c8f70ff33a497a1b97d13a69da66f60ed5c9a9853025aa1"
"md","nfr-criteria","tea","tea/bmad-testarch-test-design/resources/knowledge/nfr-criteria.md","e63cee4a0193e4858c8f70ff33a497a1b97d13a69da66f60ed5c9a9853025aa1"
"md","nfr-criteria","tea","tea/bmad-testarch-test-review/resources/knowledge/nfr-criteria.md","e63cee4a0193e4858c8f70ff33a497a1b97d13a69da66f60ed5c9a9853025aa1"
"md","nfr-criteria","tea","tea/bmad-testarch-trace/resources/knowledge/nfr-criteria.md","e63cee4a0193e4858c8f70ff33a497a1b97d13a69da66f60ed5c9a9853025aa1"
"md","nfr-report-template","tea","tea/bmad-testarch-nfr/nfr-report-template.md","452ac39fb19ccd6bbd2185a99c5fc431a7ba134cd641482cfa9a9f5c91a2bffa"
"md","overview","tea","tea/bmad-tea/resources/knowledge/overview.md","25ca75c93fbcef398c7ec7a201ece881f6f3a15f86cfc0a19a04b90a2c6dddbf"
"md","overview","tea","tea/bmad-testarch-atdd/resources/knowledge/overview.md","25ca75c93fbcef398c7ec7a201ece881f6f3a15f86cfc0a19a04b90a2c6dddbf"
"md","overview","tea","tea/bmad-testarch-automate/resources/knowledge/overview.md","25ca75c93fbcef398c7ec7a201ece881f6f3a15f86cfc0a19a04b90a2c6dddbf"
"md","overview","tea","tea/bmad-testarch-ci/resources/knowledge/overview.md","25ca75c93fbcef398c7ec7a201ece881f6f3a15f86cfc0a19a04b90a2c6dddbf"
"md","overview","tea","tea/bmad-testarch-framework/resources/knowledge/overview.md","25ca75c93fbcef398c7ec7a201ece881f6f3a15f86cfc0a19a04b90a2c6dddbf"
"md","overview","tea","tea/bmad-testarch-nfr/resources/knowledge/overview.md","25ca75c93fbcef398c7ec7a201ece881f6f3a15f86cfc0a19a04b90a2c6dddbf"
"md","overview","tea","tea/bmad-testarch-test-design/resources/knowledge/overview.md","25ca75c93fbcef398c7ec7a201ece881f6f3a15f86cfc0a19a04b90a2c6dddbf"
"md","overview","tea","tea/bmad-testarch-test-review/resources/knowledge/overview.md","25ca75c93fbcef398c7ec7a201ece881f6f3a15f86cfc0a19a04b90a2c6dddbf"
"md","overview","tea","tea/bmad-testarch-trace/resources/knowledge/overview.md","25ca75c93fbcef398c7ec7a201ece881f6f3a15f86cfc0a19a04b90a2c6dddbf"
"md","pact-consumer-di","tea","tea/bmad-tea/resources/knowledge/pact-consumer-di.md","c3883f65512dcebb78e611d9091fb8091f211b098685adb81719faefa365d793"
"md","pact-consumer-di","tea","tea/bmad-testarch-atdd/resources/knowledge/pact-consumer-di.md","c3883f65512dcebb78e611d9091fb8091f211b098685adb81719faefa365d793"
"md","pact-consumer-di","tea","tea/bmad-testarch-automate/resources/knowledge/pact-consumer-di.md","c3883f65512dcebb78e611d9091fb8091f211b098685adb81719faefa365d793"
"md","pact-consumer-di","tea","tea/bmad-testarch-ci/resources/knowledge/pact-consumer-di.md","c3883f65512dcebb78e611d9091fb8091f211b098685adb81719faefa365d793"
"md","pact-consumer-di","tea","tea/bmad-testarch-framework/resources/knowledge/pact-consumer-di.md","c3883f65512dcebb78e611d9091fb8091f211b098685adb81719faefa365d793"
"md","pact-consumer-di","tea","tea/bmad-testarch-nfr/resources/knowledge/pact-consumer-di.md","c3883f65512dcebb78e611d9091fb8091f211b098685adb81719faefa365d793"
"md","pact-consumer-di","tea","tea/bmad-testarch-test-design/resources/knowledge/pact-consumer-di.md","c3883f65512dcebb78e611d9091fb8091f211b098685adb81719faefa365d793"
"md","pact-consumer-di","tea","tea/bmad-testarch-test-review/resources/knowledge/pact-consumer-di.md","c3883f65512dcebb78e611d9091fb8091f211b098685adb81719faefa365d793"
"md","pact-consumer-di","tea","tea/bmad-testarch-trace/resources/knowledge/pact-consumer-di.md","c3883f65512dcebb78e611d9091fb8091f211b098685adb81719faefa365d793"
"md","pact-consumer-framework-setup","tea","tea/bmad-tea/resources/knowledge/pact-consumer-framework-setup.md","ed317c633c81dfe18166a68b777e30cc0fd13e94d284e996bad4aa365ea3de43"
"md","pact-consumer-framework-setup","tea","tea/bmad-testarch-atdd/resources/knowledge/pact-consumer-framework-setup.md","ed317c633c81dfe18166a68b777e30cc0fd13e94d284e996bad4aa365ea3de43"
"md","pact-consumer-framework-setup","tea","tea/bmad-testarch-automate/resources/knowledge/pact-consumer-framework-setup.md","ed317c633c81dfe18166a68b777e30cc0fd13e94d284e996bad4aa365ea3de43"
"md","pact-consumer-framework-setup","tea","tea/bmad-testarch-ci/resources/knowledge/pact-consumer-framework-setup.md","ed317c633c81dfe18166a68b777e30cc0fd13e94d284e996bad4aa365ea3de43"
"md","pact-consumer-framework-setup","tea","tea/bmad-testarch-framework/resources/knowledge/pact-consumer-framework-setup.md","ed317c633c81dfe18166a68b777e30cc0fd13e94d284e996bad4aa365ea3de43"
"md","pact-consumer-framework-setup","tea","tea/bmad-testarch-nfr/resources/knowledge/pact-consumer-framework-setup.md","ed317c633c81dfe18166a68b777e30cc0fd13e94d284e996bad4aa365ea3de43"
"md","pact-consumer-framework-setup","tea","tea/bmad-testarch-test-design/resources/knowledge/pact-consumer-framework-setup.md","ed317c633c81dfe18166a68b777e30cc0fd13e94d284e996bad4aa365ea3de43"
"md","pact-consumer-framework-setup","tea","tea/bmad-testarch-test-review/resources/knowledge/pact-consumer-framework-setup.md","ed317c633c81dfe18166a68b777e30cc0fd13e94d284e996bad4aa365ea3de43"
"md","pact-consumer-framework-setup","tea","tea/bmad-testarch-trace/resources/knowledge/pact-consumer-framework-setup.md","ed317c633c81dfe18166a68b777e30cc0fd13e94d284e996bad4aa365ea3de43"
"md","pact-mcp","tea","tea/bmad-tea/resources/knowledge/pact-mcp.md","c98b5bb74aa238af47aab8a00bee20afd25ceda7e50381ff4f18f6a91f9e6045"
"md","pact-mcp","tea","tea/bmad-testarch-atdd/resources/knowledge/pact-mcp.md","c98b5bb74aa238af47aab8a00bee20afd25ceda7e50381ff4f18f6a91f9e6045"
"md","pact-mcp","tea","tea/bmad-testarch-automate/resources/knowledge/pact-mcp.md","c98b5bb74aa238af47aab8a00bee20afd25ceda7e50381ff4f18f6a91f9e6045"
"md","pact-mcp","tea","tea/bmad-testarch-ci/resources/knowledge/pact-mcp.md","c98b5bb74aa238af47aab8a00bee20afd25ceda7e50381ff4f18f6a91f9e6045"
"md","pact-mcp","tea","tea/bmad-testarch-framework/resources/knowledge/pact-mcp.md","c98b5bb74aa238af47aab8a00bee20afd25ceda7e50381ff4f18f6a91f9e6045"
"md","pact-mcp","tea","tea/bmad-testarch-nfr/resources/knowledge/pact-mcp.md","c98b5bb74aa238af47aab8a00bee20afd25ceda7e50381ff4f18f6a91f9e6045"
"md","pact-mcp","tea","tea/bmad-testarch-test-design/resources/knowledge/pact-mcp.md","c98b5bb74aa238af47aab8a00bee20afd25ceda7e50381ff4f18f6a91f9e6045"
"md","pact-mcp","tea","tea/bmad-testarch-test-review/resources/knowledge/pact-mcp.md","c98b5bb74aa238af47aab8a00bee20afd25ceda7e50381ff4f18f6a91f9e6045"
"md","pact-mcp","tea","tea/bmad-testarch-trace/resources/knowledge/pact-mcp.md","c98b5bb74aa238af47aab8a00bee20afd25ceda7e50381ff4f18f6a91f9e6045"
"md","pactjs-utils-consumer-helpers","tea","tea/bmad-tea/resources/knowledge/pactjs-utils-consumer-helpers.md","3923dc48fb0e58646c065b93746d860bebe5bbbdd2c84246b8ad483000db1673"
"md","pactjs-utils-consumer-helpers","tea","tea/bmad-testarch-atdd/resources/knowledge/pactjs-utils-consumer-helpers.md","3923dc48fb0e58646c065b93746d860bebe5bbbdd2c84246b8ad483000db1673"
"md","pactjs-utils-consumer-helpers","tea","tea/bmad-testarch-automate/resources/knowledge/pactjs-utils-consumer-helpers.md","3923dc48fb0e58646c065b93746d860bebe5bbbdd2c84246b8ad483000db1673"
"md","pactjs-utils-consumer-helpers","tea","tea/bmad-testarch-ci/resources/knowledge/pactjs-utils-consumer-helpers.md","3923dc48fb0e58646c065b93746d860bebe5bbbdd2c84246b8ad483000db1673"
"md","pactjs-utils-consumer-helpers","tea","tea/bmad-testarch-framework/resources/knowledge/pactjs-utils-consumer-helpers.md","3923dc48fb0e58646c065b93746d860bebe5bbbdd2c84246b8ad483000db1673"
"md","pactjs-utils-consumer-helpers","tea","tea/bmad-testarch-nfr/resources/knowledge/pactjs-utils-consumer-helpers.md","3923dc48fb0e58646c065b93746d860bebe5bbbdd2c84246b8ad483000db1673"
"md","pactjs-utils-consumer-helpers","tea","tea/bmad-testarch-test-design/resources/knowledge/pactjs-utils-consumer-helpers.md","3923dc48fb0e58646c065b93746d860bebe5bbbdd2c84246b8ad483000db1673"
"md","pactjs-utils-consumer-helpers","tea","tea/bmad-testarch-test-review/resources/knowledge/pactjs-utils-consumer-helpers.md","3923dc48fb0e58646c065b93746d860bebe5bbbdd2c84246b8ad483000db1673"
"md","pactjs-utils-consumer-helpers","tea","tea/bmad-testarch-trace/resources/knowledge/pactjs-utils-consumer-helpers.md","3923dc48fb0e58646c065b93746d860bebe5bbbdd2c84246b8ad483000db1673"
"md","pactjs-utils-overview","tea","tea/bmad-tea/resources/knowledge/pactjs-utils-overview.md","64fcf26c2d5c7c183c8d7a83ed20d1f1857182724cfed5e92318dadb1b258584"
"md","pactjs-utils-overview","tea","tea/bmad-testarch-atdd/resources/knowledge/pactjs-utils-overview.md","64fcf26c2d5c7c183c8d7a83ed20d1f1857182724cfed5e92318dadb1b258584"
"md","pactjs-utils-overview","tea","tea/bmad-testarch-automate/resources/knowledge/pactjs-utils-overview.md","64fcf26c2d5c7c183c8d7a83ed20d1f1857182724cfed5e92318dadb1b258584"
"md","pactjs-utils-overview","tea","tea/bmad-testarch-ci/resources/knowledge/pactjs-utils-overview.md","64fcf26c2d5c7c183c8d7a83ed20d1f1857182724cfed5e92318dadb1b258584"
"md","pactjs-utils-overview","tea","tea/bmad-testarch-framework/resources/knowledge/pactjs-utils-overview.md","64fcf26c2d5c7c183c8d7a83ed20d1f1857182724cfed5e92318dadb1b258584"
"md","pactjs-utils-overview","tea","tea/bmad-testarch-nfr/resources/knowledge/pactjs-utils-overview.md","64fcf26c2d5c7c183c8d7a83ed20d1f1857182724cfed5e92318dadb1b258584"
"md","pactjs-utils-overview","tea","tea/bmad-testarch-test-design/resources/knowledge/pactjs-utils-overview.md","64fcf26c2d5c7c183c8d7a83ed20d1f1857182724cfed5e92318dadb1b258584"
"md","pactjs-utils-overview","tea","tea/bmad-testarch-test-review/resources/knowledge/pactjs-utils-overview.md","64fcf26c2d5c7c183c8d7a83ed20d1f1857182724cfed5e92318dadb1b258584"
"md","pactjs-utils-overview","tea","tea/bmad-testarch-trace/resources/knowledge/pactjs-utils-overview.md","64fcf26c2d5c7c183c8d7a83ed20d1f1857182724cfed5e92318dadb1b258584"
"md","pactjs-utils-provider-verifier","tea","tea/bmad-tea/resources/knowledge/pactjs-utils-provider-verifier.md","ac3e0d6e3137f927fef822a33f33d03c78d0a1ccd950fbca93ef1ef9276c109c"
"md","pactjs-utils-provider-verifier","tea","tea/bmad-testarch-atdd/resources/knowledge/pactjs-utils-provider-verifier.md","ac3e0d6e3137f927fef822a33f33d03c78d0a1ccd950fbca93ef1ef9276c109c"
"md","pactjs-utils-provider-verifier","tea","tea/bmad-testarch-automate/resources/knowledge/pactjs-utils-provider-verifier.md","ac3e0d6e3137f927fef822a33f33d03c78d0a1ccd950fbca93ef1ef9276c109c"
"md","pactjs-utils-provider-verifier","tea","tea/bmad-testarch-ci/resources/knowledge/pactjs-utils-provider-verifier.md","ac3e0d6e3137f927fef822a33f33d03c78d0a1ccd950fbca93ef1ef9276c109c"
"md","pactjs-utils-provider-verifier","tea","tea/bmad-testarch-framework/resources/knowledge/pactjs-utils-provider-verifier.md","ac3e0d6e3137f927fef822a33f33d03c78d0a1ccd950fbca93ef1ef9276c109c"
"md","pactjs-utils-provider-verifier","tea","tea/bmad-testarch-nfr/resources/knowledge/pactjs-utils-provider-verifier.md","ac3e0d6e3137f927fef822a33f33d03c78d0a1ccd950fbca93ef1ef9276c109c"
"md","pactjs-utils-provider-verifier","tea","tea/bmad-testarch-test-design/resources/knowledge/pactjs-utils-provider-verifier.md","ac3e0d6e3137f927fef822a33f33d03c78d0a1ccd950fbca93ef1ef9276c109c"
"md","pactjs-utils-provider-verifier","tea","tea/bmad-testarch-test-review/resources/knowledge/pactjs-utils-provider-verifier.md","ac3e0d6e3137f927fef822a33f33d03c78d0a1ccd950fbca93ef1ef9276c109c"
"md","pactjs-utils-provider-verifier","tea","tea/bmad-testarch-trace/resources/knowledge/pactjs-utils-provider-verifier.md","ac3e0d6e3137f927fef822a33f33d03c78d0a1ccd950fbca93ef1ef9276c109c"
"md","pactjs-utils-request-filter","tea","tea/bmad-tea/resources/knowledge/pactjs-utils-request-filter.md","6f900300880f2544511436fa68c24268b3b28e0498af6dc43c848047a3cbff18"
"md","pactjs-utils-request-filter","tea","tea/bmad-testarch-atdd/resources/knowledge/pactjs-utils-request-filter.md","6f900300880f2544511436fa68c24268b3b28e0498af6dc43c848047a3cbff18"
"md","pactjs-utils-request-filter","tea","tea/bmad-testarch-automate/resources/knowledge/pactjs-utils-request-filter.md","6f900300880f2544511436fa68c24268b3b28e0498af6dc43c848047a3cbff18"
"md","pactjs-utils-request-filter","tea","tea/bmad-testarch-ci/resources/knowledge/pactjs-utils-request-filter.md","6f900300880f2544511436fa68c24268b3b28e0498af6dc43c848047a3cbff18"
"md","pactjs-utils-request-filter","tea","tea/bmad-testarch-framework/resources/knowledge/pactjs-utils-request-filter.md","6f900300880f2544511436fa68c24268b3b28e0498af6dc43c848047a3cbff18"
"md","pactjs-utils-request-filter","tea","tea/bmad-testarch-nfr/resources/knowledge/pactjs-utils-request-filter.md","6f900300880f2544511436fa68c24268b3b28e0498af6dc43c848047a3cbff18"
"md","pactjs-utils-request-filter","tea","tea/bmad-testarch-test-design/resources/knowledge/pactjs-utils-request-filter.md","6f900300880f2544511436fa68c24268b3b28e0498af6dc43c848047a3cbff18"
"md","pactjs-utils-request-filter","tea","tea/bmad-testarch-test-review/resources/knowledge/pactjs-utils-request-filter.md","6f900300880f2544511436fa68c24268b3b28e0498af6dc43c848047a3cbff18"
"md","pactjs-utils-request-filter","tea","tea/bmad-testarch-trace/resources/knowledge/pactjs-utils-request-filter.md","6f900300880f2544511436fa68c24268b3b28e0498af6dc43c848047a3cbff18"
"md","playwright-cli","tea","tea/bmad-tea/resources/knowledge/playwright-cli.md","f0aaff215a5da05d900c7f6d1eef70a3ea97637788ac37aadf5779ec24d91c09"
"md","playwright-cli","tea","tea/bmad-testarch-atdd/resources/knowledge/playwright-cli.md","f0aaff215a5da05d900c7f6d1eef70a3ea97637788ac37aadf5779ec24d91c09"
"md","playwright-cli","tea","tea/bmad-testarch-automate/resources/knowledge/playwright-cli.md","f0aaff215a5da05d900c7f6d1eef70a3ea97637788ac37aadf5779ec24d91c09"
"md","playwright-cli","tea","tea/bmad-testarch-ci/resources/knowledge/playwright-cli.md","f0aaff215a5da05d900c7f6d1eef70a3ea97637788ac37aadf5779ec24d91c09"
"md","playwright-cli","tea","tea/bmad-testarch-framework/resources/knowledge/playwright-cli.md","f0aaff215a5da05d900c7f6d1eef70a3ea97637788ac37aadf5779ec24d91c09"
"md","playwright-cli","tea","tea/bmad-testarch-nfr/resources/knowledge/playwright-cli.md","f0aaff215a5da05d900c7f6d1eef70a3ea97637788ac37aadf5779ec24d91c09"
"md","playwright-cli","tea","tea/bmad-testarch-test-design/resources/knowledge/playwright-cli.md","f0aaff215a5da05d900c7f6d1eef70a3ea97637788ac37aadf5779ec24d91c09"
"md","playwright-cli","tea","tea/bmad-testarch-test-review/resources/knowledge/playwright-cli.md","f0aaff215a5da05d900c7f6d1eef70a3ea97637788ac37aadf5779ec24d91c09"
"md","playwright-cli","tea","tea/bmad-testarch-trace/resources/knowledge/playwright-cli.md","f0aaff215a5da05d900c7f6d1eef70a3ea97637788ac37aadf5779ec24d91c09"
"md","playwright-config","tea","tea/bmad-tea/resources/knowledge/playwright-config.md","6f7cbf42be005165f68d50090bf0e86227cd401b8e0119ad9e65e7cb2a05644e"
"md","playwright-config","tea","tea/bmad-testarch-atdd/resources/knowledge/playwright-config.md","6f7cbf42be005165f68d50090bf0e86227cd401b8e0119ad9e65e7cb2a05644e"
"md","playwright-config","tea","tea/bmad-testarch-automate/resources/knowledge/playwright-config.md","6f7cbf42be005165f68d50090bf0e86227cd401b8e0119ad9e65e7cb2a05644e"
"md","playwright-config","tea","tea/bmad-testarch-ci/resources/knowledge/playwright-config.md","6f7cbf42be005165f68d50090bf0e86227cd401b8e0119ad9e65e7cb2a05644e"
"md","playwright-config","tea","tea/bmad-testarch-framework/resources/knowledge/playwright-config.md","6f7cbf42be005165f68d50090bf0e86227cd401b8e0119ad9e65e7cb2a05644e"
"md","playwright-config","tea","tea/bmad-testarch-nfr/resources/knowledge/playwright-config.md","6f7cbf42be005165f68d50090bf0e86227cd401b8e0119ad9e65e7cb2a05644e"
"md","playwright-config","tea","tea/bmad-testarch-test-design/resources/knowledge/playwright-config.md","6f7cbf42be005165f68d50090bf0e86227cd401b8e0119ad9e65e7cb2a05644e"
"md","playwright-config","tea","tea/bmad-testarch-test-review/resources/knowledge/playwright-config.md","6f7cbf42be005165f68d50090bf0e86227cd401b8e0119ad9e65e7cb2a05644e"
"md","playwright-config","tea","tea/bmad-testarch-trace/resources/knowledge/playwright-config.md","6f7cbf42be005165f68d50090bf0e86227cd401b8e0119ad9e65e7cb2a05644e"
"md","probability-impact","tea","tea/bmad-tea/resources/knowledge/probability-impact.md","446dba0caa1eb162734514f35366f8c38ed3666528b0b5e16c7f03fd3c537d0f"
"md","probability-impact","tea","tea/bmad-testarch-atdd/resources/knowledge/probability-impact.md","446dba0caa1eb162734514f35366f8c38ed3666528b0b5e16c7f03fd3c537d0f"
"md","probability-impact","tea","tea/bmad-testarch-automate/resources/knowledge/probability-impact.md","446dba0caa1eb162734514f35366f8c38ed3666528b0b5e16c7f03fd3c537d0f"
"md","probability-impact","tea","tea/bmad-testarch-ci/resources/knowledge/probability-impact.md","446dba0caa1eb162734514f35366f8c38ed3666528b0b5e16c7f03fd3c537d0f"
"md","probability-impact","tea","tea/bmad-testarch-framework/resources/knowledge/probability-impact.md","446dba0caa1eb162734514f35366f8c38ed3666528b0b5e16c7f03fd3c537d0f"
"md","probability-impact","tea","tea/bmad-testarch-nfr/resources/knowledge/probability-impact.md","446dba0caa1eb162734514f35366f8c38ed3666528b0b5e16c7f03fd3c537d0f"
"md","probability-impact","tea","tea/bmad-testarch-test-design/resources/knowledge/probability-impact.md","446dba0caa1eb162734514f35366f8c38ed3666528b0b5e16c7f03fd3c537d0f"
"md","probability-impact","tea","tea/bmad-testarch-test-review/resources/knowledge/probability-impact.md","446dba0caa1eb162734514f35366f8c38ed3666528b0b5e16c7f03fd3c537d0f"
"md","probability-impact","tea","tea/bmad-testarch-trace/resources/knowledge/probability-impact.md","446dba0caa1eb162734514f35366f8c38ed3666528b0b5e16c7f03fd3c537d0f"
"md","recurse","tea","tea/bmad-tea/resources/knowledge/recurse.md","7937897b8d8fd74ab647634fb549ba9344e86d39f9a705e8731a7531e51ad726"
"md","recurse","tea","tea/bmad-testarch-atdd/resources/knowledge/recurse.md","7937897b8d8fd74ab647634fb549ba9344e86d39f9a705e8731a7531e51ad726"
"md","recurse","tea","tea/bmad-testarch-automate/resources/knowledge/recurse.md","7937897b8d8fd74ab647634fb549ba9344e86d39f9a705e8731a7531e51ad726"
"md","recurse","tea","tea/bmad-testarch-ci/resources/knowledge/recurse.md","7937897b8d8fd74ab647634fb549ba9344e86d39f9a705e8731a7531e51ad726"
"md","recurse","tea","tea/bmad-testarch-framework/resources/knowledge/recurse.md","7937897b8d8fd74ab647634fb549ba9344e86d39f9a705e8731a7531e51ad726"
"md","recurse","tea","tea/bmad-testarch-nfr/resources/knowledge/recurse.md","7937897b8d8fd74ab647634fb549ba9344e86d39f9a705e8731a7531e51ad726"
"md","recurse","tea","tea/bmad-testarch-test-design/resources/knowledge/recurse.md","7937897b8d8fd74ab647634fb549ba9344e86d39f9a705e8731a7531e51ad726"
"md","recurse","tea","tea/bmad-testarch-test-review/resources/knowledge/recurse.md","7937897b8d8fd74ab647634fb549ba9344e86d39f9a705e8731a7531e51ad726"
"md","recurse","tea","tea/bmad-testarch-trace/resources/knowledge/recurse.md","7937897b8d8fd74ab647634fb549ba9344e86d39f9a705e8731a7531e51ad726"
"md","risk-governance","tea","tea/bmad-tea/resources/knowledge/risk-governance.md","500482561420c9f2caad2eb92e5c503208adaa5ab952a317359556b3f11376f1"
"md","risk-governance","tea","tea/bmad-testarch-atdd/resources/knowledge/risk-governance.md","500482561420c9f2caad2eb92e5c503208adaa5ab952a317359556b3f11376f1"
"md","risk-governance","tea","tea/bmad-testarch-automate/resources/knowledge/risk-governance.md","500482561420c9f2caad2eb92e5c503208adaa5ab952a317359556b3f11376f1"
"md","risk-governance","tea","tea/bmad-testarch-ci/resources/knowledge/risk-governance.md","500482561420c9f2caad2eb92e5c503208adaa5ab952a317359556b3f11376f1"
"md","risk-governance","tea","tea/bmad-testarch-framework/resources/knowledge/risk-governance.md","500482561420c9f2caad2eb92e5c503208adaa5ab952a317359556b3f11376f1"
"md","risk-governance","tea","tea/bmad-testarch-nfr/resources/knowledge/risk-governance.md","500482561420c9f2caad2eb92e5c503208adaa5ab952a317359556b3f11376f1"
"md","risk-governance","tea","tea/bmad-testarch-test-design/resources/knowledge/risk-governance.md","500482561420c9f2caad2eb92e5c503208adaa5ab952a317359556b3f11376f1"
"md","risk-governance","tea","tea/bmad-testarch-test-review/resources/knowledge/risk-governance.md","500482561420c9f2caad2eb92e5c503208adaa5ab952a317359556b3f11376f1"
"md","risk-governance","tea","tea/bmad-testarch-trace/resources/knowledge/risk-governance.md","500482561420c9f2caad2eb92e5c503208adaa5ab952a317359556b3f11376f1"
"md","selective-testing","tea","tea/bmad-tea/resources/knowledge/selective-testing.md","060651774648174fdbff0fe7b858bd81d7c3bce8ee5a53ed7c1ba56e4dd4bbe0"
"md","selective-testing","tea","tea/bmad-testarch-atdd/resources/knowledge/selective-testing.md","060651774648174fdbff0fe7b858bd81d7c3bce8ee5a53ed7c1ba56e4dd4bbe0"
"md","selective-testing","tea","tea/bmad-testarch-automate/resources/knowledge/selective-testing.md","060651774648174fdbff0fe7b858bd81d7c3bce8ee5a53ed7c1ba56e4dd4bbe0"
"md","selective-testing","tea","tea/bmad-testarch-ci/resources/knowledge/selective-testing.md","060651774648174fdbff0fe7b858bd81d7c3bce8ee5a53ed7c1ba56e4dd4bbe0"
"md","selective-testing","tea","tea/bmad-testarch-framework/resources/knowledge/selective-testing.md","060651774648174fdbff0fe7b858bd81d7c3bce8ee5a53ed7c1ba56e4dd4bbe0"
"md","selective-testing","tea","tea/bmad-testarch-nfr/resources/knowledge/selective-testing.md","060651774648174fdbff0fe7b858bd81d7c3bce8ee5a53ed7c1ba56e4dd4bbe0"
"md","selective-testing","tea","tea/bmad-testarch-test-design/resources/knowledge/selective-testing.md","060651774648174fdbff0fe7b858bd81d7c3bce8ee5a53ed7c1ba56e4dd4bbe0"
"md","selective-testing","tea","tea/bmad-testarch-test-review/resources/knowledge/selective-testing.md","060651774648174fdbff0fe7b858bd81d7c3bce8ee5a53ed7c1ba56e4dd4bbe0"
"md","selective-testing","tea","tea/bmad-testarch-trace/resources/knowledge/selective-testing.md","060651774648174fdbff0fe7b858bd81d7c3bce8ee5a53ed7c1ba56e4dd4bbe0"
"md","selector-resilience","tea","tea/bmad-tea/resources/knowledge/selector-resilience.md","a55c25a340f1cd10811802665754a3f4eab0c82868fea61fea9cc61aa47ac179"
"md","selector-resilience","tea","tea/bmad-testarch-atdd/resources/knowledge/selector-resilience.md","a55c25a340f1cd10811802665754a3f4eab0c82868fea61fea9cc61aa47ac179"
"md","selector-resilience","tea","tea/bmad-testarch-automate/resources/knowledge/selector-resilience.md","a55c25a340f1cd10811802665754a3f4eab0c82868fea61fea9cc61aa47ac179"
"md","selector-resilience","tea","tea/bmad-testarch-ci/resources/knowledge/selector-resilience.md","a55c25a340f1cd10811802665754a3f4eab0c82868fea61fea9cc61aa47ac179"
"md","selector-resilience","tea","tea/bmad-testarch-framework/resources/knowledge/selector-resilience.md","a55c25a340f1cd10811802665754a3f4eab0c82868fea61fea9cc61aa47ac179"
"md","selector-resilience","tea","tea/bmad-testarch-nfr/resources/knowledge/selector-resilience.md","a55c25a340f1cd10811802665754a3f4eab0c82868fea61fea9cc61aa47ac179"
"md","selector-resilience","tea","tea/bmad-testarch-test-design/resources/knowledge/selector-resilience.md","a55c25a340f1cd10811802665754a3f4eab0c82868fea61fea9cc61aa47ac179"
"md","selector-resilience","tea","tea/bmad-testarch-test-review/resources/knowledge/selector-resilience.md","a55c25a340f1cd10811802665754a3f4eab0c82868fea61fea9cc61aa47ac179"
"md","selector-resilience","tea","tea/bmad-testarch-trace/resources/knowledge/selector-resilience.md","a55c25a340f1cd10811802665754a3f4eab0c82868fea61fea9cc61aa47ac179"
"md","session-notes-template","tea","tea/bmad-teach-me-testing/templates/session-notes-template.md","bdcc8dac35ed5ce2c7a95ab0fd55b2dfa27e3173ed1f5d78e44f8755514e1c70"
"md","SKILL","tea","tea/bmad-tea/SKILL.md","6304777d6af2f8a8c9dcaa0914688eaf9b4e3202c3b77b428d28cdd5d1c522fd"
"md","SKILL","tea","tea/bmad-testarch-atdd/SKILL.md","e35f3f853bfec58d1b04f00a687c54921d19495e6b2045c9b21a10d651d5565b"
"md","SKILL","tea","tea/bmad-testarch-automate/SKILL.md","9f48ff94935c6c46c91a2581f5ce488294faa0cc3c2df68d96d8df127c414579"
"md","SKILL","tea","tea/bmad-testarch-ci/SKILL.md","bfc0ce37f12b9b699d3613bfcc8a05330a4f8f0eb583518a1fb3db0fd0da7c9a"
"md","SKILL","tea","tea/bmad-testarch-framework/SKILL.md","09cce11e802bc4f8eb88301ecddf8ee1517dc956145f525d2c31a09fd3138c4c"
"md","SKILL","tea","tea/bmad-testarch-nfr/SKILL.md","fd94d3eb73af74b7ebc76d5309835783eb964e0828b96b49dce5af4efd2014ff"
"md","SKILL","tea","tea/bmad-testarch-test-design/SKILL.md","e7c6e3357e048e41631a52d00427866cfd7407ff2ad885ffb02a1316243655c5"
"md","SKILL","tea","tea/bmad-testarch-test-review/SKILL.md","8695616858418510b59b6876b3d9cf72240ee035af36d6c55543bc3ba8414b51"
"md","SKILL","tea","tea/bmad-testarch-trace/SKILL.md","2bea8f5abd934499f99b36c2790142d001121333c24aba72bbbc460901f46ae0"
"md","SKILL","tea","tea/bmad-teach-me-testing/SKILL.md","1ae9a9e31257ce5fd96db671790b210889a96b51d8e3b52fe1595e1d30e1af40"
"md","step-01-assess","tea","tea/bmad-testarch-atdd/steps-e/step-01-assess.md","a98e5d250cd980cbe6bdc33682763512622eee8db3610d42f85e621df6eecf2d"
"md","step-01-assess","tea","tea/bmad-testarch-automate/steps-e/step-01-assess.md","a98e5d250cd980cbe6bdc33682763512622eee8db3610d42f85e621df6eecf2d"
"md","step-01-assess","tea","tea/bmad-testarch-ci/steps-e/step-01-assess.md","a98e5d250cd980cbe6bdc33682763512622eee8db3610d42f85e621df6eecf2d"
"md","step-01-assess","tea","tea/bmad-testarch-framework/steps-e/step-01-assess.md","a98e5d250cd980cbe6bdc33682763512622eee8db3610d42f85e621df6eecf2d"
"md","step-01-assess","tea","tea/bmad-testarch-nfr/steps-e/step-01-assess.md","a98e5d250cd980cbe6bdc33682763512622eee8db3610d42f85e621df6eecf2d"
"md","step-01-assess","tea","tea/bmad-testarch-test-design/steps-e/step-01-assess.md","a98e5d250cd980cbe6bdc33682763512622eee8db3610d42f85e621df6eecf2d"
"md","step-01-assess","tea","tea/bmad-testarch-test-review/steps-e/step-01-assess.md","a98e5d250cd980cbe6bdc33682763512622eee8db3610d42f85e621df6eecf2d"
"md","step-01-assess","tea","tea/bmad-testarch-trace/steps-e/step-01-assess.md","a98e5d250cd980cbe6bdc33682763512622eee8db3610d42f85e621df6eecf2d"
"md","step-01-detect-mode","tea","tea/bmad-testarch-test-design/steps-c/step-01-detect-mode.md","48696d5760479dd78b9f45e6e87721acef95e54c3aee2e618f6bb485f05a74c6"
"md","step-01-init","tea","tea/bmad-teach-me-testing/steps-c/step-01-init.md","9a4ac8b773ebf75653d648d668a58c21d7e8ebae979e1dfd1a04e1bafb2eeaa9"
"md","step-01-load-context","tea","tea/bmad-testarch-nfr/steps-c/step-01-load-context.md","78f6343ed098688e564d6f2091dddf44de199bfdce80bc09c84f91df59b6bb18"
"md","step-01-load-context","tea","tea/bmad-testarch-test-review/steps-c/step-01-load-context.md","5d78abf8a89e318c4e8489de98331ef2a5978f0a067c9de463bbe0df8852a465"
"md","step-01-load-context","tea","tea/bmad-testarch-trace/steps-c/step-01-load-context.md","b3ab879f0b445971d2d72dfe6fd6c7fa337847f5601e572c8611a814dfe54641"
"md","step-01-preflight","tea","tea/bmad-testarch-ci/steps-c/step-01-preflight.md","fbff84d7fb1680a7b887fb8c1874cf5dbdeec3a200b8746cc9681d65ce692277"
"md","step-01-preflight","tea","tea/bmad-testarch-framework/steps-c/step-01-preflight.md","df7d70e9feac8df36fb89b449545fca6b739700e23f696b582c9d90122feba33"
"md","step-01-preflight-and-context","tea","tea/bmad-testarch-atdd/steps-c/step-01-preflight-and-context.md","8003cb8d77cbec4adcbf7fdb67e9089156a8914aa84dddbd09f68009e6608ad5"
"md","step-01-preflight-and-context","tea","tea/bmad-testarch-automate/steps-c/step-01-preflight-and-context.md","5b4184a608089d3b1ff88a4147c85b7b2a82dfeb193bee1f63de275ac636025e"
"md","step-01-validate","tea","tea/bmad-testarch-atdd/steps-v/step-01-validate.md","b9951eb60134b511fb26a0af757b8c89fbbe4a6fc9620cfbae6b74cb9d312da5"
"md","step-01-validate","tea","tea/bmad-testarch-automate/steps-v/step-01-validate.md","f0044d7db87235d5814ae02217bff4e9cfe6b4457a37917e31c48d04be3b765d"
"md","step-01-validate","tea","tea/bmad-testarch-ci/steps-v/step-01-validate.md","fd26ab264a9fa937bc94f99327d1ecfa9977b6ebc99aec90d7354fbcaf22188c"
"md","step-01-validate","tea","tea/bmad-testarch-framework/steps-v/step-01-validate.md","63a16923831596800fd4dd7c7bb3aefe1cd11dcf1caa6c822fdc4ec9df8f7926"
"md","step-01-validate","tea","tea/bmad-testarch-nfr/steps-v/step-01-validate.md","f6115af429f6e1ad012dce12fb9692b471f5245340060f00e85c5830c716c2c1"
"md","step-01-validate","tea","tea/bmad-testarch-test-design/steps-v/step-01-validate.md","34885b7d44716847b7e349520a5f14dcbaea2c330b53c4062892e436ca23be96"
"md","step-01-validate","tea","tea/bmad-testarch-test-review/steps-v/step-01-validate.md","4bf0c205961ba0aa642efee9cd5d8234284b158ebf1ab17b47963a7695d6f815"
"md","step-01-validate","tea","tea/bmad-testarch-trace/steps-v/step-01-validate.md","5b024f898b7665a0d53976a045aa99d0ea95089fd368bc3149b48bc48866a4ed"
"md","step-01b-continue","tea","tea/bmad-teach-me-testing/steps-c/step-01b-continue.md","6640cc4b88a8c52655491546fedd4e41396e81ec1f635ce8679f96a350921537"
"md","step-01b-resume","tea","tea/bmad-testarch-atdd/steps-c/step-01b-resume.md","029818d17dce00980da53768cc2e82720fba35591714853887f0e51198b99f13"
"md","step-01b-resume","tea","tea/bmad-testarch-automate/steps-c/step-01b-resume.md","60153862c91240326628d85284357dbd7688636b43c5a04c00a96926aeb71d3b"
"md","step-01b-resume","tea","tea/bmad-testarch-ci/steps-c/step-01b-resume.md","b1e63561bfc0808481e6c408c94d4c1fcf12e0b204c8a9d9d0974040ab65d02d"
"md","step-01b-resume","tea","tea/bmad-testarch-framework/steps-c/step-01b-resume.md","c9e5bffd9fa15d28089442b960e3fb6c72a2f04c6cae911378d7362af9b77296"
"md","step-01b-resume","tea","tea/bmad-testarch-nfr/steps-c/step-01b-resume.md","4db8d8f53e0e42023971c9175e65d85fc936bbf77165e81c09e79f0e80db120a"
"md","step-01b-resume","tea","tea/bmad-testarch-test-design/steps-c/step-01b-resume.md","b4eeb6b1687a5a94bef7c8b9492b1ff3e0c6a7ee57e6a04b19229d32044effd0"
"md","step-01b-resume","tea","tea/bmad-testarch-test-review/steps-c/step-01b-resume.md","eea2c5d20b738ee20d182632ba60eda3af524421f5eeded7a06ad9adb5dff44c"
"md","step-01b-resume","tea","tea/bmad-testarch-trace/steps-c/step-01b-resume.md","4d589f5b86d5c2766e59e9b5ad1bddef1cf3cb815aeffb4b6bf3b004f5b2c141"
"md","step-02-apply-edit","tea","tea/bmad-testarch-atdd/steps-e/step-02-apply-edit.md","053a6c2c2a7605a0fb942e2f72c0a52e46eab993cf100883a3f40d2eb271b612"
"md","step-02-apply-edit","tea","tea/bmad-testarch-automate/steps-e/step-02-apply-edit.md","053a6c2c2a7605a0fb942e2f72c0a52e46eab993cf100883a3f40d2eb271b612"
"md","step-02-apply-edit","tea","tea/bmad-testarch-ci/steps-e/step-02-apply-edit.md","053a6c2c2a7605a0fb942e2f72c0a52e46eab993cf100883a3f40d2eb271b612"
"md","step-02-apply-edit","tea","tea/bmad-testarch-framework/steps-e/step-02-apply-edit.md","053a6c2c2a7605a0fb942e2f72c0a52e46eab993cf100883a3f40d2eb271b612"
"md","step-02-apply-edit","tea","tea/bmad-testarch-nfr/steps-e/step-02-apply-edit.md","053a6c2c2a7605a0fb942e2f72c0a52e46eab993cf100883a3f40d2eb271b612"
"md","step-02-apply-edit","tea","tea/bmad-testarch-test-design/steps-e/step-02-apply-edit.md","053a6c2c2a7605a0fb942e2f72c0a52e46eab993cf100883a3f40d2eb271b612"
"md","step-02-apply-edit","tea","tea/bmad-testarch-test-review/steps-e/step-02-apply-edit.md","053a6c2c2a7605a0fb942e2f72c0a52e46eab993cf100883a3f40d2eb271b612"
"md","step-02-apply-edit","tea","tea/bmad-testarch-trace/steps-e/step-02-apply-edit.md","053a6c2c2a7605a0fb942e2f72c0a52e46eab993cf100883a3f40d2eb271b612"
"md","step-02-assess","tea","tea/bmad-teach-me-testing/steps-c/step-02-assess.md","21a2f9f2ef55cc191ccf840cc25df325b21b339244d8ab7dd5649dd3d3b33878"
"md","step-02-define-thresholds","tea","tea/bmad-testarch-nfr/steps-c/step-02-define-thresholds.md","1884465177bc20061a4ffbd3e61701b160ad79a49eec1038e2b55e15edbe1e34"
"md","step-02-discover-tests","tea","tea/bmad-testarch-test-review/steps-c/step-02-discover-tests.md","bbf4a1021a56e5b9aefced1202c92329ad13da42305ae488057f6d90c5fcbd37"
"md","step-02-discover-tests","tea","tea/bmad-testarch-trace/steps-c/step-02-discover-tests.md","7e9b87ac2a870b075eab8e03c3ebb07f03b7cd458c3dbdef1502078b29d3df36"
"md","step-02-generate-pipeline","tea","tea/bmad-testarch-ci/steps-c/step-02-generate-pipeline.md","2f5bfee132216a8cce9d1907dbbbdd54e4f4cbac6cd4830ea4a9dff5473739e5"
"md","step-02-generation-mode","tea","tea/bmad-testarch-atdd/steps-c/step-02-generation-mode.md","2fa9c59ecba5b9bf0c793d408d8827c6ff06478394d5220fddadc88834061c72"
"md","step-02-identify-targets","tea","tea/bmad-testarch-automate/steps-c/step-02-identify-targets.md","a03c8c759a184bef4f9cede1ec193ad7ef63eac4dbf1468303c1799c36dad9b4"
"md","step-02-load-context","tea","tea/bmad-testarch-test-design/steps-c/step-02-load-context.md","067fe6ced3ff94110d2628474d907e1b1735740a364348996e4d5a5fe9941291"
"md","step-02-select-framework","tea","tea/bmad-testarch-framework/steps-c/step-02-select-framework.md","0ab007159ec56a5ea42cb3de56b4456daf660e5f9bdc73cf9e4fd4e650ebe782"
"md","step-03-configure-quality-gates","tea","tea/bmad-testarch-ci/steps-c/step-03-configure-quality-gates.md","5fe88e886e9630561a7ed0b1c7cff5fbb490426a06e6ca52bb46d5a53b82e883"
"md","step-03-gather-evidence","tea","tea/bmad-testarch-nfr/steps-c/step-03-gather-evidence.md","9b74446085e31d5113dcbfc0f1f14854099faa269df70e0fbbcf5be2f94c7ed6"
"md","step-03-generate-tests","tea","tea/bmad-testarch-automate/steps-c/step-03-generate-tests.md","dea229e40e2c2c1ecd9eba16a4b1f3836b13c165ed54ed266624bf3217ee62be"
"md","step-03-map-criteria","tea","tea/bmad-testarch-trace/steps-c/step-03-map-criteria.md","8459317d5db9ca972b4892b85698ee4edd521902a098344e692c6d9bcc18a704"
"md","step-03-quality-evaluation","tea","tea/bmad-testarch-test-review/steps-c/step-03-quality-evaluation.md","706f114f1e13e824c55ae1620086103c89121ad155ca911ab1530832e972b86e"
"md","step-03-risk-and-testability","tea","tea/bmad-testarch-test-design/steps-c/step-03-risk-and-testability.md","6bd73e152520edb7ac302dbbbb015829ed82fbff135a5d1d5ef1b961ae8ffece"
"md","step-03-scaffold-framework","tea","tea/bmad-testarch-framework/steps-c/step-03-scaffold-framework.md","b811ac86b779eb88801dc769cbffc5648cd0f3780d62200a9753a31dd0befcd2"
"md","step-03-session-menu","tea","tea/bmad-teach-me-testing/steps-c/step-03-session-menu.md","683a2d110f1787f90a660f493e8a1b487afb0a1ed647408b02fb36e803098c44"
"md","step-03-test-strategy","tea","tea/bmad-testarch-atdd/steps-c/step-03-test-strategy.md","7bf8961677a75612b2be69e9a91d908fb5cc68d73dadff77f1012a321b871508"
"md","step-03a-subagent-api","tea","tea/bmad-testarch-automate/steps-c/step-03a-subagent-api.md","a7aa0bdb6b30cb7a8a7b2d765613d9d0f254dfab38be8a850b44c23de93fc450"
"md","step-03a-subagent-determinism","tea","tea/bmad-testarch-test-review/steps-c/step-03a-subagent-determinism.md","71453f12d90ab17082249bf70321ce7abb4b1d6dc34c60c911400a8e34bc4089"
"md","step-03b-subagent-backend","tea","tea/bmad-testarch-automate/steps-c/step-03b-subagent-backend.md","467714d0a7a917fbc208afbcf70bcd2b7dd4db452e05f2c2c37a5b2e41ffe36c"
"md","step-03b-subagent-e2e","tea","tea/bmad-testarch-automate/steps-c/step-03b-subagent-e2e.md","3ef39eb7afbe4fbdcd6fe0f1f5c308ffe0fc1faaad7c20f4afba63f8143789a7"
"md","step-03b-subagent-isolation","tea","tea/bmad-testarch-test-review/steps-c/step-03b-subagent-isolation.md","67326e3f4a8f9649e02be6c96dabedbd189c4018529d05db83127c17043e68e7"
"md","step-03c-aggregate","tea","tea/bmad-testarch-automate/steps-c/step-03c-aggregate.md","6dcb874da7a06eca5598e426bade0ce8bf9edfcdff6d65bd4806224fa9a9d0a7"
"md","step-03c-subagent-maintainability","tea","tea/bmad-testarch-test-review/steps-c/step-03c-subagent-maintainability.md","40608ac2fd47e712160ce44924c9e318842d82aeaec155583aa95723716dc0ba"
"md","step-03e-subagent-performance","tea","tea/bmad-testarch-test-review/steps-c/step-03e-subagent-performance.md","94dcbe45080218fe07e6c2d7452e4223c9bcb774e107ac84b0332bfca996c915"
"md","step-03f-aggregate-scores","tea","tea/bmad-testarch-test-review/steps-c/step-03f-aggregate-scores.md","5a4f6bf6159a7618b9b6c2eb892f4986e886d25a262d8e66512579b0a656b7cb"
"md","step-04-analyze-gaps","tea","tea/bmad-testarch-trace/steps-c/step-04-analyze-gaps.md","159cd6f123d21c5878ec38b14a4a6ccc0aa52b0775681363870219fe00b7e2b4"
"md","step-04-coverage-plan","tea","tea/bmad-testarch-test-design/steps-c/step-04-coverage-plan.md","2d6d9b2dce0371d3269a0f9987a40daefce228a3febce226b9f5563ab2e1b32c"
"md","step-04-docs-and-scripts","tea","tea/bmad-testarch-framework/steps-c/step-04-docs-and-scripts.md","c6c4fe85650286744422c4ffb9184494528aef28a86d72020ac598e20b66d51d"
"md","step-04-evaluate-and-score","tea","tea/bmad-testarch-nfr/steps-c/step-04-evaluate-and-score.md","69ad31112822fbbb1c6b7d00d956ca54ba97b7297e5074f4ee36e66b68c4e56e"
"md","step-04-generate-report","tea","tea/bmad-testarch-test-review/steps-c/step-04-generate-report.md","b475dc9300a9ddde6c6f5ddb1219df094f3a766e4540bb1462c04c7ef1ce4990"
"md","step-04-generate-tests","tea","tea/bmad-testarch-atdd/steps-c/step-04-generate-tests.md","ed4a5ef22792799a492109340248489dacb0869b70e7c7e8ed871d427f791ef2"
"md","step-04-session-01","tea","tea/bmad-teach-me-testing/steps-c/step-04-session-01.md","c8eb503959f312ef948e48f60de41eced7ba3bfa3a6ddd12204568d86dbf145b"
"md","step-04-session-02","tea","tea/bmad-teach-me-testing/steps-c/step-04-session-02.md","a4081fca2bbb9b3fc06f83006b2ec6394fcdea018be2cdff6589ac4cc2c8a6f9"
"md","step-04-session-03","tea","tea/bmad-teach-me-testing/steps-c/step-04-session-03.md","729a7193128f6bad23b7da0f0893c7f78f08057d6fed30ddf339700b22b5e78e"
"md","step-04-session-04","tea","tea/bmad-teach-me-testing/steps-c/step-04-session-04.md","4fb21909bdb382b3964723d9aa02442c588f74006fddc14a28d7dc133bc6f2dc"
"md","step-04-session-05","tea","tea/bmad-teach-me-testing/steps-c/step-04-session-05.md","abad9591931c5d39e4f9c0a5d1c0688c8b8b0891e5e20bebebbcea45db802dc2"
"md","step-04-session-06","tea","tea/bmad-teach-me-testing/steps-c/step-04-session-06.md","03ef83440e4fb0f0d11dfc884d1f88016fef213edf7db9e72ba6d469283cb8af"
"md","step-04-session-07","tea","tea/bmad-teach-me-testing/steps-c/step-04-session-07.md","5b2c7907372ea8daf8975e6e2e0beb4cf876f78be308fad03aed165509bcc9f7"
"md","step-04-validate-and-summarize","tea","tea/bmad-testarch-automate/steps-c/step-04-validate-and-summarize.md","2826e30ac9b288483e7d33bf9beb9f1e970ad1b248d8ea0c80712eee3efa309e"
"md","step-04-validate-and-summary","tea","tea/bmad-testarch-ci/steps-c/step-04-validate-and-summary.md","60e0b7ba72a5ae0c2d20d78800f5b355b7d075798a8c26114315b928aa273cac"
"md","step-04a-subagent-api-failing","tea","tea/bmad-testarch-atdd/steps-c/step-04a-subagent-api-failing.md","9bdf8102b1dc0c388461043554fcf59c461af51d14fd709f21b26d7384bc82b1"
"md","step-04a-subagent-security","tea","tea/bmad-testarch-nfr/steps-c/step-04a-subagent-security.md","5937d1ae8f60789609577e023803aba78bbce631b53e0981b319ec4786e63527"
"md","step-04b-subagent-e2e-failing","tea","tea/bmad-testarch-atdd/steps-c/step-04b-subagent-e2e-failing.md","3fc97f9defee8a64ebba2c5ebaa758e09810a632d04d065879932afc67e609a3"
"md","step-04b-subagent-performance","tea","tea/bmad-testarch-nfr/steps-c/step-04b-subagent-performance.md","0198f7582e8ca357d781c039720ae0b986b8dec0ab2f43214969822331ad6229"
"md","step-04c-aggregate","tea","tea/bmad-testarch-atdd/steps-c/step-04c-aggregate.md","0b3a97471c7683c6b6797db232a52a59c7f7ddad80eeafcf0d5ee4423a59a04e"
"md","step-04c-subagent-reliability","tea","tea/bmad-testarch-nfr/steps-c/step-04c-subagent-reliability.md","5d3a84eb3097458b74747edaaf93b8ac2ecefdb9f626189cf1a520a9d2f76696"
"md","step-04d-subagent-scalability","tea","tea/bmad-testarch-nfr/steps-c/step-04d-subagent-scalability.md","8a069d3377e5018f2b7ca8b142788e0da76c81b4b56af2eb380d9338e9673b45"
"md","step-04e-aggregate-nfr","tea","tea/bmad-testarch-nfr/steps-c/step-04e-aggregate-nfr.md","109e0977a95571639512a2b0fdbd28262ce4a6d0f203daa56c9630aa0066a82e"
"md","step-05-completion","tea","tea/bmad-teach-me-testing/steps-c/step-05-completion.md","00811833aac297a64d0a1117c2a193e4a98325439bf005982ba8259db9e12f40"
"md","step-05-gate-decision","tea","tea/bmad-testarch-trace/steps-c/step-05-gate-decision.md","22fd5abf5e4e378fabdfb9738e744bccb6477a37af67f3e33bb0c9c3769d5b5c"
"md","step-05-generate-output","tea","tea/bmad-testarch-test-design/steps-c/step-05-generate-output.md","652d7e6604df8d71efd08a31e66bd815bbe0fbdcc4e2ade72585b07b1bbe1bcf"
"md","step-05-generate-report","tea","tea/bmad-testarch-nfr/steps-c/step-05-generate-report.md","28246c1b3b25364090d7387bea500cd62eab86dfc937cd9f6dbc40326871fb0d"
"md","step-05-validate-and-complete","tea","tea/bmad-testarch-atdd/steps-c/step-05-validate-and-complete.md","b5b10be0212b3c7c7ee46206b4b83cd960ad291d377b6e3f8e68960a0c2d5560"
"md","step-05-validate-and-summary","tea","tea/bmad-testarch-framework/steps-c/step-05-validate-and-summary.md","8e3c857159a4af0223b3d0a7f58d4db84b330fab9e1124bd6c084fc656155e59"
"md","step-e-01-assess-workflow","tea","tea/bmad-teach-me-testing/steps-e/step-e-01-assess-workflow.md","b7b3cc8d845b79e9ef81d8c835f63bcbedc930396c0cab49a946dff1b6819e7a"
"md","step-e-02-apply-edits","tea","tea/bmad-teach-me-testing/steps-e/step-e-02-apply-edits.md","081679a34b6c02804d77156866ba9d41e1dd2952a902314b4937863ce874f27d"
"md","step-v-01-validate","tea","tea/bmad-teach-me-testing/steps-v/step-v-01-validate.md","b33a9eaac964dbe08d10ff15744f40b8118edc69844c856d4f80b9ba2da77865"
"md","test-design-architecture-template","tea","tea/bmad-testarch-test-design/test-design-architecture-template.md","39100455791354f6fb61205d096214b55f7db88c97ab5d67784f7c9b4f25238d"
"md","test-design-handoff-template","tea","tea/bmad-testarch-test-design/test-design-handoff-template.md","ce1dd24dd95244e4a511bef74a3a7cb10e5620a3a137195a31608f81ac7e7b1b"
"md","test-design-qa-template","tea","tea/bmad-testarch-test-design/test-design-qa-template.md","5019b61a292de65f63937c3083c30e435c0e6c35c7f0dc6d4a7a576b65940191"
"md","test-design-template","tea","tea/bmad-testarch-test-design/test-design-template.md","94b4e821cb3007b5d5d236a57671025d1edb3b47d3c07f96403204fa1bf2aa3d"
"md","test-healing-patterns","tea","tea/bmad-tea/resources/knowledge/test-healing-patterns.md","b44f7db1ebb1c20ca4ef02d12cae95f692876aee02689605d4b15fe728d28fdf"
"md","test-healing-patterns","tea","tea/bmad-testarch-atdd/resources/knowledge/test-healing-patterns.md","b44f7db1ebb1c20ca4ef02d12cae95f692876aee02689605d4b15fe728d28fdf"
"md","test-healing-patterns","tea","tea/bmad-testarch-automate/resources/knowledge/test-healing-patterns.md","b44f7db1ebb1c20ca4ef02d12cae95f692876aee02689605d4b15fe728d28fdf"
"md","test-healing-patterns","tea","tea/bmad-testarch-ci/resources/knowledge/test-healing-patterns.md","b44f7db1ebb1c20ca4ef02d12cae95f692876aee02689605d4b15fe728d28fdf"
"md","test-healing-patterns","tea","tea/bmad-testarch-framework/resources/knowledge/test-healing-patterns.md","b44f7db1ebb1c20ca4ef02d12cae95f692876aee02689605d4b15fe728d28fdf"
"md","test-healing-patterns","tea","tea/bmad-testarch-nfr/resources/knowledge/test-healing-patterns.md","b44f7db1ebb1c20ca4ef02d12cae95f692876aee02689605d4b15fe728d28fdf"
"md","test-healing-patterns","tea","tea/bmad-testarch-test-design/resources/knowledge/test-healing-patterns.md","b44f7db1ebb1c20ca4ef02d12cae95f692876aee02689605d4b15fe728d28fdf"
"md","test-healing-patterns","tea","tea/bmad-testarch-test-review/resources/knowledge/test-healing-patterns.md","b44f7db1ebb1c20ca4ef02d12cae95f692876aee02689605d4b15fe728d28fdf"
"md","test-healing-patterns","tea","tea/bmad-testarch-trace/resources/knowledge/test-healing-patterns.md","b44f7db1ebb1c20ca4ef02d12cae95f692876aee02689605d4b15fe728d28fdf"
"md","test-levels-framework","tea","tea/bmad-tea/resources/knowledge/test-levels-framework.md","80bbac7959a47a2e7e7de82613296f906954d571d2d64ece13381c1a0b480237"
"md","test-levels-framework","tea","tea/bmad-testarch-atdd/resources/knowledge/test-levels-framework.md","80bbac7959a47a2e7e7de82613296f906954d571d2d64ece13381c1a0b480237"
"md","test-levels-framework","tea","tea/bmad-testarch-automate/resources/knowledge/test-levels-framework.md","80bbac7959a47a2e7e7de82613296f906954d571d2d64ece13381c1a0b480237"
"md","test-levels-framework","tea","tea/bmad-testarch-ci/resources/knowledge/test-levels-framework.md","80bbac7959a47a2e7e7de82613296f906954d571d2d64ece13381c1a0b480237"
"md","test-levels-framework","tea","tea/bmad-testarch-framework/resources/knowledge/test-levels-framework.md","80bbac7959a47a2e7e7de82613296f906954d571d2d64ece13381c1a0b480237"
"md","test-levels-framework","tea","tea/bmad-testarch-nfr/resources/knowledge/test-levels-framework.md","80bbac7959a47a2e7e7de82613296f906954d571d2d64ece13381c1a0b480237"
"md","test-levels-framework","tea","tea/bmad-testarch-test-design/resources/knowledge/test-levels-framework.md","80bbac7959a47a2e7e7de82613296f906954d571d2d64ece13381c1a0b480237"
"md","test-levels-framework","tea","tea/bmad-testarch-test-review/resources/knowledge/test-levels-framework.md","80bbac7959a47a2e7e7de82613296f906954d571d2d64ece13381c1a0b480237"
"md","test-levels-framework","tea","tea/bmad-testarch-trace/resources/knowledge/test-levels-framework.md","80bbac7959a47a2e7e7de82613296f906954d571d2d64ece13381c1a0b480237"
"md","test-priorities-matrix","tea","tea/bmad-tea/resources/knowledge/test-priorities-matrix.md","321c3b708cc19892884be0166afa2a7197028e5474acaf7bc65c17ac861964a5"
"md","test-priorities-matrix","tea","tea/bmad-testarch-atdd/resources/knowledge/test-priorities-matrix.md","321c3b708cc19892884be0166afa2a7197028e5474acaf7bc65c17ac861964a5"
"md","test-priorities-matrix","tea","tea/bmad-testarch-automate/resources/knowledge/test-priorities-matrix.md","321c3b708cc19892884be0166afa2a7197028e5474acaf7bc65c17ac861964a5"
"md","test-priorities-matrix","tea","tea/bmad-testarch-ci/resources/knowledge/test-priorities-matrix.md","321c3b708cc19892884be0166afa2a7197028e5474acaf7bc65c17ac861964a5"
"md","test-priorities-matrix","tea","tea/bmad-testarch-framework/resources/knowledge/test-priorities-matrix.md","321c3b708cc19892884be0166afa2a7197028e5474acaf7bc65c17ac861964a5"
"md","test-priorities-matrix","tea","tea/bmad-testarch-nfr/resources/knowledge/test-priorities-matrix.md","321c3b708cc19892884be0166afa2a7197028e5474acaf7bc65c17ac861964a5"
"md","test-priorities-matrix","tea","tea/bmad-testarch-test-design/resources/knowledge/test-priorities-matrix.md","321c3b708cc19892884be0166afa2a7197028e5474acaf7bc65c17ac861964a5"
"md","test-priorities-matrix","tea","tea/bmad-testarch-test-review/resources/knowledge/test-priorities-matrix.md","321c3b708cc19892884be0166afa2a7197028e5474acaf7bc65c17ac861964a5"
"md","test-priorities-matrix","tea","tea/bmad-testarch-trace/resources/knowledge/test-priorities-matrix.md","321c3b708cc19892884be0166afa2a7197028e5474acaf7bc65c17ac861964a5"
"md","test-quality","tea","tea/bmad-tea/resources/knowledge/test-quality.md","97b6db474df0ec7a98a15fd2ae49671bb8e0ddf22963f3c4c47917bb75c05b90"
"md","test-quality","tea","tea/bmad-testarch-atdd/resources/knowledge/test-quality.md","97b6db474df0ec7a98a15fd2ae49671bb8e0ddf22963f3c4c47917bb75c05b90"
"md","test-quality","tea","tea/bmad-testarch-automate/resources/knowledge/test-quality.md","97b6db474df0ec7a98a15fd2ae49671bb8e0ddf22963f3c4c47917bb75c05b90"
"md","test-quality","tea","tea/bmad-testarch-ci/resources/knowledge/test-quality.md","97b6db474df0ec7a98a15fd2ae49671bb8e0ddf22963f3c4c47917bb75c05b90"
"md","test-quality","tea","tea/bmad-testarch-framework/resources/knowledge/test-quality.md","97b6db474df0ec7a98a15fd2ae49671bb8e0ddf22963f3c4c47917bb75c05b90"
"md","test-quality","tea","tea/bmad-testarch-nfr/resources/knowledge/test-quality.md","97b6db474df0ec7a98a15fd2ae49671bb8e0ddf22963f3c4c47917bb75c05b90"
"md","test-quality","tea","tea/bmad-testarch-test-design/resources/knowledge/test-quality.md","97b6db474df0ec7a98a15fd2ae49671bb8e0ddf22963f3c4c47917bb75c05b90"
"md","test-quality","tea","tea/bmad-testarch-test-review/resources/knowledge/test-quality.md","97b6db474df0ec7a98a15fd2ae49671bb8e0ddf22963f3c4c47917bb75c05b90"
"md","test-quality","tea","tea/bmad-testarch-trace/resources/knowledge/test-quality.md","97b6db474df0ec7a98a15fd2ae49671bb8e0ddf22963f3c4c47917bb75c05b90"
"md","test-review-template","tea","tea/bmad-testarch-test-review/test-review-template.md","bfc6a429ff372e21f92b1a78b97bb826d5ca738a82ca46d51cc51a31e6cd5841"
"md","timing-debugging","tea","tea/bmad-tea/resources/knowledge/timing-debugging.md","c4c87539bbd3fd961369bb1d7066135d18c6aad7ecd70256ab5ec3b26a8777d9"
"md","timing-debugging","tea","tea/bmad-testarch-atdd/resources/knowledge/timing-debugging.md","c4c87539bbd3fd961369bb1d7066135d18c6aad7ecd70256ab5ec3b26a8777d9"
"md","timing-debugging","tea","tea/bmad-testarch-automate/resources/knowledge/timing-debugging.md","c4c87539bbd3fd961369bb1d7066135d18c6aad7ecd70256ab5ec3b26a8777d9"
"md","timing-debugging","tea","tea/bmad-testarch-ci/resources/knowledge/timing-debugging.md","c4c87539bbd3fd961369bb1d7066135d18c6aad7ecd70256ab5ec3b26a8777d9"
"md","timing-debugging","tea","tea/bmad-testarch-framework/resources/knowledge/timing-debugging.md","c4c87539bbd3fd961369bb1d7066135d18c6aad7ecd70256ab5ec3b26a8777d9"
"md","timing-debugging","tea","tea/bmad-testarch-nfr/resources/knowledge/timing-debugging.md","c4c87539bbd3fd961369bb1d7066135d18c6aad7ecd70256ab5ec3b26a8777d9"
"md","timing-debugging","tea","tea/bmad-testarch-test-design/resources/knowledge/timing-debugging.md","c4c87539bbd3fd961369bb1d7066135d18c6aad7ecd70256ab5ec3b26a8777d9"
"md","timing-debugging","tea","tea/bmad-testarch-test-review/resources/knowledge/timing-debugging.md","c4c87539bbd3fd961369bb1d7066135d18c6aad7ecd70256ab5ec3b26a8777d9"
"md","timing-debugging","tea","tea/bmad-testarch-trace/resources/knowledge/timing-debugging.md","c4c87539bbd3fd961369bb1d7066135d18c6aad7ecd70256ab5ec3b26a8777d9"
"md","trace-template","tea","tea/bmad-testarch-trace/trace-template.md","e7bac767e41d8667c2db82f7ebf8222516bc89350232294caa985ac0a9d7ec54"
"md","validation-report-20260127-095021","tea","tea/bmad-testarch-atdd/validation-report-20260127-095021.md","39c8d0dcaaa67d648d114d7fc9b087670af8c85377eb6513544645a5b938e7fe"
"md","validation-report-20260127-095021","tea","tea/bmad-testarch-automate/validation-report-20260127-095021.md","23b68497a6fb9d93aa7920eb28b5ad36a8f9ab2532a145255ea5878e53592f98"
"md","validation-report-20260127-095021","tea","tea/bmad-testarch-ci/validation-report-20260127-095021.md","aad800795280bad317d157a4d83ae14944b39ed4a9e5a9f34b996bc934d24af2"
"md","validation-report-20260127-095021","tea","tea/bmad-testarch-framework/validation-report-20260127-095021.md","05e86702f8cd4b1bad25b7b90c30fe266485f9116ad12af1ee50228d4169992b"
"md","validation-report-20260127-095021","tea","tea/bmad-testarch-nfr/validation-report-20260127-095021.md","5fc96e42e9b7d32b3252612ee514752346c3e29100b810a28adf996706a61589"
"md","validation-report-20260127-095021","tea","tea/bmad-testarch-test-design/validation-report-20260127-095021.md","2294b9b719227b7c083b8aecf4fc0bf6323f6b7686aec0010ba94e38ddea4aba"
"md","validation-report-20260127-095021","tea","tea/bmad-testarch-test-review/validation-report-20260127-095021.md","b370ec9724d036e262e950bbeeb244cd414cd4ae49f437d47695b2c07354f6f4"
"md","validation-report-20260127-095021","tea","tea/bmad-testarch-trace/validation-report-20260127-095021.md","a4cf09ad228331217530e473507d1a1b791d3a3cbf471007bb799fcbecbb64c7"
"md","validation-report-20260127-102401","tea","tea/bmad-testarch-atdd/validation-report-20260127-102401.md","b749c37581244d028897b78aa6470ee0b9e7a78cdc4975bfd8aed1bd3f374370"
"md","validation-report-20260127-102401","tea","tea/bmad-testarch-automate/validation-report-20260127-102401.md","3322f92f5dc4d28c07e08a6a20f7cd77c702f7de04ecba9af6975a7463d845b5"
"md","validation-report-20260127-102401","tea","tea/bmad-testarch-ci/validation-report-20260127-102401.md","38864f41d588c5b075c5e09539729e1f4101b1def47c794a68bba5a2db23cb7a"
"md","validation-report-20260127-102401","tea","tea/bmad-testarch-framework/validation-report-20260127-102401.md","e584a2aaf88cd4d65a37ab03668c523a8e55b830ea957c205acfad149febb1ef"
"md","validation-report-20260127-102401","tea","tea/bmad-testarch-nfr/validation-report-20260127-102401.md","39206e32d3ac4c93475e3444ceeac9babb3a2d94588155a944e03cd153f1e9ab"
"md","validation-report-20260127-102401","tea","tea/bmad-testarch-test-design/validation-report-20260127-102401.md","7fbef44391edac74342d14f02688176f96a291c30792fdf26721a872c1ba2b6d"
"md","validation-report-20260127-102401","tea","tea/bmad-testarch-test-review/validation-report-20260127-102401.md","13c684351c4c4ae274f3ea9827b00d7bab7daf694980f5bfc74c592aa2617f1a"
"md","validation-report-20260127-102401","tea","tea/bmad-testarch-trace/validation-report-20260127-102401.md","0774915e82411e21d505e11cf659bc1f3b7b0e252513b1de067b0c7d8c567c37"
"md","visual-debugging","tea","tea/bmad-tea/resources/knowledge/visual-debugging.md","f1a7db59553aee691550e2c62ca15348a2703dea738b76cd38e22cfcfe2bf7c8"
"md","visual-debugging","tea","tea/bmad-testarch-atdd/resources/knowledge/visual-debugging.md","f1a7db59553aee691550e2c62ca15348a2703dea738b76cd38e22cfcfe2bf7c8"
"md","visual-debugging","tea","tea/bmad-testarch-automate/resources/knowledge/visual-debugging.md","f1a7db59553aee691550e2c62ca15348a2703dea738b76cd38e22cfcfe2bf7c8"
"md","visual-debugging","tea","tea/bmad-testarch-ci/resources/knowledge/visual-debugging.md","f1a7db59553aee691550e2c62ca15348a2703dea738b76cd38e22cfcfe2bf7c8"
"md","visual-debugging","tea","tea/bmad-testarch-framework/resources/knowledge/visual-debugging.md","f1a7db59553aee691550e2c62ca15348a2703dea738b76cd38e22cfcfe2bf7c8"
"md","visual-debugging","tea","tea/bmad-testarch-nfr/resources/knowledge/visual-debugging.md","f1a7db59553aee691550e2c62ca15348a2703dea738b76cd38e22cfcfe2bf7c8"
"md","visual-debugging","tea","tea/bmad-testarch-test-design/resources/knowledge/visual-debugging.md","f1a7db59553aee691550e2c62ca15348a2703dea738b76cd38e22cfcfe2bf7c8"
"md","visual-debugging","tea","tea/bmad-testarch-test-review/resources/knowledge/visual-debugging.md","f1a7db59553aee691550e2c62ca15348a2703dea738b76cd38e22cfcfe2bf7c8"
"md","visual-debugging","tea","tea/bmad-testarch-trace/resources/knowledge/visual-debugging.md","f1a7db59553aee691550e2c62ca15348a2703dea738b76cd38e22cfcfe2bf7c8"
"md","workflow","tea","tea/bmad-testarch-atdd/workflow.md","d36b50c2b5646db27024bd26cf2fbe3d91a41805c9d3afab32336384a3853795"
"md","workflow","tea","tea/bmad-testarch-automate/workflow.md","8389f938a63c6c3b2d7428600239f26af12a8b4d713d7dd4b9cf3a4d35c4f6de"
"md","workflow","tea","tea/bmad-testarch-ci/workflow.md","9ca63c09af5d10e95991057f2dabd70e3c54bc332baf5de4f7046cc910aa782d"
"md","workflow","tea","tea/bmad-testarch-framework/workflow.md","6c034c1525ff221ef7fb2da7788358b4b6d781949ddf850fb51f900d0f3b7c27"
"md","workflow","tea","tea/bmad-testarch-nfr/workflow.md","9851d567b98c416cf77fb3c10dfa218163108cd2e57f4d02f2f05f32668d3d89"
"md","workflow","tea","tea/bmad-testarch-test-design/workflow.md","36bcd0062e339e4c2c496819556fb21dc67f0a6f300eea7ed216e66e2b10b4ac"
"md","workflow","tea","tea/bmad-testarch-test-review/workflow.md","a7572e4c203fe23d75f0d9769e11f9fdd8673105241ebf5b289d5033fef281ff"
"md","workflow","tea","tea/bmad-testarch-trace/workflow.md","cdbc956f8120caca3d9a44c3cf6400ebcefeff1ea34a5de32edeadb8ee216f4c"
"md","workflow","tea","tea/bmad-teach-me-testing/workflow.md","2caf4fcd47e79f1549041adf9136a7a7d2aceaefaff1fb188954d1d7bbd983f8"
"md","workflow-plan","tea","tea/bmad-testarch-atdd/workflow-plan.md","b86e22eff2f91249f83cdd4c5a95cfe9caff51eded0cd1b7f51912ec61349183"
"md","workflow-plan","tea","tea/bmad-testarch-automate/workflow-plan.md","3d3cd40c76dc9f0c2387bef34e9391a9d3a25fe04ea4ebedb6adb72684a3ad06"
"md","workflow-plan","tea","tea/bmad-testarch-ci/workflow-plan.md","628dae2fcc680824c0e376feca84ce05b7cd674f0d5efc935964f4e705dddeb3"
"md","workflow-plan","tea","tea/bmad-testarch-framework/workflow-plan.md","6e181a5bd34a182f85fc9886bf205f13e89e6325db282f6e0f21cd59f122b7ab"
"md","workflow-plan","tea","tea/bmad-testarch-nfr/workflow-plan.md","85ad2ae434f5fbdd55f84f4349f38ea1c72444fc5485821a8a4562a5da891b5a"
"md","workflow-plan","tea","tea/bmad-testarch-test-design/workflow-plan.md","e3b7f847205fb9c004b9772af0da7d9ed4c5038cbedd66c388d6a3b640be5a04"
"md","workflow-plan","tea","tea/bmad-testarch-test-review/workflow-plan.md","15723c03eee5bfc852cd39b843bf4435dabdf02f59a77bb8a8683c4ab8cb3ed6"
"md","workflow-plan","tea","tea/bmad-testarch-trace/workflow-plan.md","1a8d18420d10ecc4a775a858f4e55271bb8e8fca8f1fe98fa3fedaee353097d9"
"md","workflow-plan-teach-me-testing","tea","tea/bmad-teach-me-testing/workflow-plan-teach-me-testing.md","89ab8018e2a0a4238639fd10fecc79af13e28a47df109713e1f81e3dd2e26739"
"yaml","azure-pipelines-template","tea","tea/bmad-testarch-ci/azure-pipelines-template.yaml","e53405833b819cd70b7226ea624236ff2490659985b0512244303dc9676acb34"
"yaml","bmad-skill-manifest","tea","tea/bmad-tea/bmad-skill-manifest.yaml","839a9a3cbc3856e827f6b596cc1cfdee7888136395ff3ab5b6f45cb14038e255"
"yaml","bmad-skill-manifest","tea","tea/bmad-testarch-atdd/bmad-skill-manifest.yaml","ea1b058a23cd4fb442f2e7bc7a3a871b73391c0d18c32ddad020dd56b20425ee"
"yaml","bmad-skill-manifest","tea","tea/bmad-testarch-automate/bmad-skill-manifest.yaml","ea1b058a23cd4fb442f2e7bc7a3a871b73391c0d18c32ddad020dd56b20425ee"
"yaml","bmad-skill-manifest","tea","tea/bmad-testarch-ci/bmad-skill-manifest.yaml","ea1b058a23cd4fb442f2e7bc7a3a871b73391c0d18c32ddad020dd56b20425ee"
"yaml","bmad-skill-manifest","tea","tea/bmad-testarch-framework/bmad-skill-manifest.yaml","ea1b058a23cd4fb442f2e7bc7a3a871b73391c0d18c32ddad020dd56b20425ee"
"yaml","bmad-skill-manifest","tea","tea/bmad-testarch-nfr/bmad-skill-manifest.yaml","ea1b058a23cd4fb442f2e7bc7a3a871b73391c0d18c32ddad020dd56b20425ee"
"yaml","bmad-skill-manifest","tea","tea/bmad-testarch-test-design/bmad-skill-manifest.yaml","ea1b058a23cd4fb442f2e7bc7a3a871b73391c0d18c32ddad020dd56b20425ee"
"yaml","bmad-skill-manifest","tea","tea/bmad-testarch-test-review/bmad-skill-manifest.yaml","ea1b058a23cd4fb442f2e7bc7a3a871b73391c0d18c32ddad020dd56b20425ee"
"yaml","bmad-skill-manifest","tea","tea/bmad-testarch-trace/bmad-skill-manifest.yaml","ea1b058a23cd4fb442f2e7bc7a3a871b73391c0d18c32ddad020dd56b20425ee"
"yaml","bmad-skill-manifest","tea","tea/bmad-teach-me-testing/bmad-skill-manifest.yaml","ea1b058a23cd4fb442f2e7bc7a3a871b73391c0d18c32ddad020dd56b20425ee"
"yaml","config","tea","tea/config.yaml","de5c1fdaceb660a5287a14e5e9985097eef96a23ed2135ac89300b0855a6fb42"
"yaml","curriculum","tea","tea/bmad-teach-me-testing/data/curriculum.yaml","08d70f30f848537a5dcf138128bde0665d203236bab470d87e33791e4b3d3eee"
"yaml","github-actions-template","tea","tea/bmad-testarch-ci/github-actions-template.yaml","dbf33e640d9017650b5eed7af28f8914172a0dcfd04552a0342ef61b459b28c2"
"yaml","gitlab-ci-template","tea","tea/bmad-testarch-ci/gitlab-ci-template.yaml","af7d7e50802c1f4cbdfdfc20b0cd8a86ba5cec5b9eaedaec29e4c8aec6049ae6"
"yaml","harness-pipeline-template","tea","tea/bmad-testarch-ci/harness-pipeline-template.yaml","243aa43a5139a9bca9e5300070e2efeb97c13f0bb94d166f84b035025d5c4f8d"
"yaml","progress-template","tea","tea/bmad-teach-me-testing/templates/progress-template.yaml","595fe007e9cecd907f0f695f581ff7c86dde770336be8134782a954d4fb6f48f"
"yaml","quiz-questions","tea","tea/bmad-teach-me-testing/data/quiz-questions.yaml","42c5e6c8703e22992cfcbbeb23d871054b15257153010efe53bf44dbc1f27b4f"
"yaml","role-paths","tea","tea/bmad-teach-me-testing/data/role-paths.yaml","c5ad85c1de113a6c403ad0f9a3588477caec72a4e4d858f41e96ebd0e4765a7a"
"yaml","session-content-map","tea","tea/bmad-teach-me-testing/data/session-content-map.yaml","14a74ad936c4d77f20325d4a2c86cc198577141f569863d968d93eb0c9da881d"
"yaml","tea-resources-index","tea","tea/bmad-teach-me-testing/data/tea-resources-index.yaml","286bc2282b3fce9d23e2c94d978680c7934b33b0a984d76217f957c1494a75a3"
"yaml","workflow","tea","tea/bmad-testarch-atdd/workflow.yaml","8bab9e5dd6432b1f363477e572ea3a72712cfa8ce7246f2d04a4b17ce1cbbe96"
"yaml","workflow","tea","tea/bmad-testarch-automate/workflow.yaml","812166a75f88418ecfba92f43e293ce33476275218a6b874f9d3ab3b3eb34a02"
"yaml","workflow","tea","tea/bmad-testarch-ci/workflow.yaml","367f88a326f217428654a1a2b4a7e5c497c498e7031f9e2809ca2766a0a02843"
"yaml","workflow","tea","tea/bmad-testarch-framework/workflow.yaml","13f99eb56accb5e8da5f28aabe4041b2a736472f92edd241f3f7ce3294b1f29f"
"yaml","workflow","tea","tea/bmad-testarch-nfr/workflow.yaml","5dd6e3b9d7c5e1a8735a4df32033d8cd053f2d6bd21ffa827314e73518ab2f56"
"yaml","workflow","tea","tea/bmad-testarch-test-design/workflow.yaml","8ad0fb89bbe1f00af80eeeb2ac1bc2e90c6854bc2516f23dcff8e29cb1f81579"
"yaml","workflow","tea","tea/bmad-testarch-test-review/workflow.yaml","ba98595534cdbd0a477f358de0f1dc413cbe381830e7dff4d67ace34265a3164"
"yaml","workflow","tea","tea/bmad-testarch-trace/workflow.yaml","89c7f027987023e6c341e93fafa58f0fd34849b9cbf86cf06e56f0d3955d1c31"
"yaml","config","utility","utility/config.yaml","767f52607b5077acb048a0efb5dc73d384de1f2218bd6608cd1345d965bca072"
